Date,€/MWh
01/01/2015,45.472115
02/01/2015,56.988056
03/01/2015,50.532976
04/01/2015,45.106388
05/01/2015,53.368481
06/01/2015,50.460413
07/01/2015,60.380281
08/01/2015,60.799374
09/01/2015,56.331454
10/01/2015,47.370952
11/01/2015,39.805086
12/01/2015,49.840886
13/01/2015,55.099425
14/01/2015,51.119244
15/01/2015,53.062608
16/01/2015,52.050396
17/01/2015,46.859878
18/01/2015,47.666799
19/01/2015,52.333516
20/01/2015,54.027181
21/01/2015,53.487914
22/01/2015,52.771618
23/01/2015,52.664723
24/01/2015,47.819865
25/01/2015,42.199392
26/01/2015,50.437945
27/01/2015,52.003077
28/01/2015,52.214509
29/01/2015,51.753224
30/01/2015,48.813797
31/01/2015,51.353574
01/02/2015,40.724477
02/02/2015,53.044640
03/02/2015,60.243792
04/02/2015,56.667146
05/02/2015,56.477651
06/02/2015,53.142915
07/02/2015,53.655752
08/02/2015,45.015666
09/02/2015,56.903023
10/02/2015,58.911112
11/02/2015,60.059504
12/02/2015,61.953920
13/02/2015,56.332602
14/02/2015,59.308791
15/02/2015,52.594881
16/02/2015,55.776677
17/02/2015,52.421429
18/02/2015,55.652012
19/02/2015,57.134796
20/02/2015,56.411712
21/02/2015,48.978037
22/02/2015,51.058995
23/02/2015,53.161400
24/02/2015,52.971331
25/02/2015,52.728332
26/02/2015,55.204607
27/02/2015,57.703884
28/02/2015,51.870455
01/03/2015,47.895786
02/03/2015,45.850690
03/03/2015,56.598285
04/03/2015,53.157824
05/03/2015,51.290601
06/03/2015,49.398522
07/03/2015,43.233135
08/03/2015,45.731472
09/03/2015,50.139142
10/03/2015,53.423100
11/03/2015,51.998425
12/03/2015,46.860190
13/03/2015,48.211872
14/03/2015,51.857051
15/03/2015,50.415924
16/03/2015,55.228884
17/03/2015,53.481360
18/03/2015,52.512141
19/03/2015,50.011724
20/03/2015,61.572250
21/03/2015,47.710501
22/03/2015,47.759798
23/03/2015,54.729884
24/03/2015,57.333652
25/03/2015,56.966859
26/03/2015,54.038191
27/03/2015,49.420178
28/03/2015,37.674503
29/03/2015,38.745199
30/03/2015,41.883421
31/03/2015,43.967281
01/04/2015,42.801900
02/04/2015,51.420630
03/04/2015,43.823997
04/04/2015,52.645512
05/04/2015,38.621205
06/04/2015,32.796514
07/04/2015,47.923439
08/04/2015,46.654750
09/04/2015,49.387295
10/04/2015,48.560873
11/04/2015,53.467941
12/04/2015,46.793223
13/04/2015,53.460702
14/04/2015,48.889997
15/04/2015,48.515900
16/04/2015,49.500107
17/04/2015,46.370722
18/04/2015,44.895200
19/04/2015,49.317019
20/04/2015,51.981129
21/04/2015,43.399781
22/04/2015,48.109767
23/04/2015,49.827685
24/04/2015,51.455017
25/04/2015,51.727752
26/04/2015,48.481594
27/04/2015,54.798527
28/04/2015,44.015448
29/04/2015,49.637369
30/04/2015,46.027156
01/05/2015,37.672324
02/05/2015,43.193702
03/05/2015,45.122980
04/05/2015,62.563948
05/05/2015,54.264251
06/05/2015,59.041429
07/05/2015,53.355795
08/05/2015,52.352017
09/05/2015,42.892940
10/05/2015,32.518834
11/05/2015,44.954821
12/05/2015,53.792995
13/05/2015,54.311426
14/05/2015,46.621764
15/05/2015,49.826219
16/05/2015,49.709227
17/05/2015,38.497422
18/05/2015,50.215581
19/05/2015,49.950765
20/05/2015,47.587897
21/05/2015,48.531888
22/05/2015,46.054054
23/05/2015,37.902992
24/05/2015,41.201496
25/05/2015,47.287595
26/05/2015,49.884254
27/05/2015,45.515121
28/05/2015,44.697257
29/05/2015,48.309707
30/05/2015,43.011402
31/05/2015,44.500374
01/06/2015,50.619055
02/06/2015,44.699016
03/06/2015,52.886677
04/06/2015,54.420560
05/06/2015,51.898413
06/06/2015,47.736574
07/06/2015,46.230760
08/06/2015,52.501580
09/06/2015,50.753395
10/06/2015,49.775386
11/06/2015,49.537802
12/06/2015,55.709638
13/06/2015,51.314750
14/06/2015,46.816657
15/06/2015,50.040722
16/06/2015,54.361529
17/06/2015,56.243497
18/06/2015,47.134877
19/06/2015,47.140304
20/06/2015,44.258135
21/06/2015,34.492199
22/06/2015,45.471735
23/06/2015,45.441450
24/06/2015,48.158917
25/06/2015,48.623338
26/06/2015,46.654785
27/06/2015,43.308501
28/06/2015,43.493344
29/06/2015,48.136065
30/06/2015,51.361990
01/07/2015,48.866218
02/07/2015,52.245649
03/07/2015,52.917049
04/07/2015,50.266376
05/07/2015,48.689955
06/07/2015,61.262952
07/07/2015,67.892790
08/07/2015,70.677752
09/07/2015,75.513427
10/07/2015,66.563291
11/07/2015,49.606005
12/07/2015,49.460292
13/07/2015,59.539333
14/07/2015,68.297095
15/07/2015,76.366044
16/07/2015,77.735969
17/07/2015,76.971014
18/07/2015,63.412800
19/07/2015,57.061983
20/07/2015,70.886476
21/07/2015,80.488793
22/07/2015,105.159628
23/07/2015,127.464892
24/07/2015,90.305452
25/07/2015,58.821202
26/07/2015,50.567868
27/07/2015,64.168024
28/07/2015,68.225293
29/07/2015,73.428464
30/07/2015,69.587970
31/07/2015,68.312761
01/08/2015,58.354357
02/08/2015,57.667577
03/08/2015,60.722687
04/08/2015,60.607557
05/08/2015,59.478328
06/08/2015,65.003191
07/08/2015,62.527044
08/08/2015,60.387669
09/08/2015,55.702452
10/08/2015,57.245044
11/08/2015,55.849135
12/08/2015,53.761045
13/08/2015,51.543974
14/08/2015,51.507544
15/08/2015,47.618600
16/08/2015,46.184437
17/08/2015,48.030375
18/08/2015,49.495848
19/08/2015,48.683902
20/08/2015,42.535392
21/08/2015,45.241742
22/08/2015,46.167057
23/08/2015,43.745152
24/08/2015,50.703565
25/08/2015,48.642768
26/08/2015,51.657984
27/08/2015,49.002372
28/08/2015,53.130410
29/08/2015,48.160130
30/08/2015,48.685776
31/08/2015,56.292076
01/09/2015,60.132190
02/09/2015,58.267711
03/09/2015,56.393921
04/09/2015,55.537410
05/09/2015,52.958341
06/09/2015,44.088484
07/09/2015,53.703800
08/09/2015,51.279763
09/09/2015,51.986522
10/09/2015,50.111008
11/09/2015,54.037220
12/09/2015,47.693872
13/09/2015,44.740010
14/09/2015,49.645900
15/09/2015,51.167680
16/09/2015,51.975313
17/09/2015,57.944602
18/09/2015,50.521360
19/09/2015,45.357656
20/09/2015,40.180721
21/09/2015,43.331940
22/09/2015,51.572245
23/09/2015,48.203776
24/09/2015,47.445013
25/09/2015,47.013929
26/09/2015,41.981482
27/09/2015,37.596977
28/09/2015,44.732432
29/09/2015,46.989317
30/09/2015,45.079318
01/10/2015,46.814412
02/10/2015,51.729854
03/10/2015,43.879451
04/10/2015,41.711850
05/10/2015,46.329455
06/10/2015,47.126057
07/10/2015,45.903735
08/10/2015,49.672505
09/10/2015,48.153803
10/10/2015,39.463036
11/10/2015,37.645143
12/10/2015,48.502677
13/10/2015,50.140999
14/10/2015,50.955483
15/10/2015,49.703701
16/10/2015,54.692244
17/10/2015,44.720723
18/10/2015,42.085274
19/10/2015,54.612745
20/10/2015,53.426341
21/10/2015,52.368203
22/10/2015,47.068800
23/10/2015,48.053416
24/10/2015,45.673707
25/10/2015,42.193935
26/10/2015,50.015504
27/10/2015,52.936135
28/10/2015,54.679650
29/10/2015,50.320840
30/10/2015,46.717744
31/10/2015,40.381778
01/11/2015,36.259455
02/11/2015,46.229122
03/11/2015,48.373090
04/11/2015,51.452015
05/11/2015,52.860513
06/11/2015,49.972550
07/11/2015,44.598517
08/11/2015,37.678415
09/11/2015,55.067176
10/11/2015,60.206204
11/11/2015,57.400100
12/11/2015,58.799445
13/11/2015,59.975755
14/11/2015,46.433870
15/11/2015,46.122067
16/11/2015,57.696196
17/11/2015,60.367120
18/11/2015,72.342972
19/11/2015,72.346468
20/11/2015,61.030063
21/11/2015,43.308268
22/11/2015,41.610816
23/11/2015,71.643992
24/11/2015,68.093745
25/11/2015,64.480197
26/11/2015,60.312665
27/11/2015,60.424206
28/11/2015,58.824290
29/11/2015,50.052225
30/11/2015,58.362396
01/12/2015,65.076065
02/12/2015,69.554722
03/12/2015,62.751084
04/12/2015,68.500962
05/12/2015,66.163112
06/12/2015,53.022450
07/12/2015,55.587555
08/12/2015,50.327650
09/12/2015,61.655133
10/12/2015,57.829705
11/12/2015,57.863395
12/12/2015,56.384925
13/12/2015,49.849499
14/12/2015,60.731384
15/12/2015,64.548542
16/12/2015,69.664744
17/12/2015,63.153702
18/12/2015,63.164311
19/12/2015,54.921020
20/12/2015,47.813641
21/12/2015,57.593763
22/12/2015,54.564999
23/12/2015,52.946376
24/12/2015,47.789177
25/12/2015,40.317169
26/12/2015,39.549723
27/12/2015,48.644393
28/12/2015,47.901243
29/12/2015,45.198737
30/12/2015,43.859293
31/12/2015,48.587376
01/01/2016,44.243070
02/01/2016,46.242435
03/01/2016,36.276046
04/01/2016,43.785290
05/01/2016,43.787645
06/01/2016,46.570287
07/01/2016,53.123431
08/01/2016,49.375533
09/01/2016,42.278687
10/01/2016,36.541912
11/01/2016,43.882625
12/01/2016,47.240695
13/01/2016,45.443518
14/01/2016,48.957267
15/01/2016,44.881190
16/01/2016,43.574422
17/01/2016,38.505689
18/01/2016,50.010101
19/01/2016,64.085168
20/01/2016,62.651426
21/01/2016,60.141080
22/01/2016,53.569567
23/01/2016,45.700304
24/01/2016,41.016962
25/01/2016,47.869110
26/01/2016,47.717791
27/01/2016,47.290170
28/01/2016,47.762797
29/01/2016,47.299183
30/01/2016,42.799963
31/01/2016,28.059205
01/02/2016,42.883826
02/02/2016,44.620332
03/02/2016,40.076032
04/02/2016,37.834334
05/02/2016,39.278226
06/02/2016,40.481737
07/02/2016,37.600632
08/02/2016,39.274690
09/02/2016,37.317477
10/02/2016,34.887964
11/02/2016,37.655776
12/02/2016,38.215160
13/02/2016,31.667943
14/02/2016,34.953852
15/02/2016,39.352372
16/02/2016,40.111987
17/02/2016,39.553115
18/02/2016,38.765543
19/02/2016,36.304293
20/02/2016,35.020260
21/02/2016,27.198890
22/02/2016,36.837590
23/02/2016,36.023549
24/02/2016,36.183473
25/02/2016,37.116882
26/02/2016,37.323307
27/02/2016,34.391349
28/02/2016,27.882420
29/02/2016,33.336340
01/03/2016,34.815049
02/03/2016,35.015785
03/03/2016,32.741645
04/03/2016,35.556881
05/03/2016,34.725282
06/03/2016,34.650504
07/03/2016,37.596513
08/03/2016,39.336430
09/03/2016,37.891543
10/03/2016,40.086613
11/03/2016,36.553666
12/03/2016,34.741335
13/03/2016,30.599318
14/03/2016,34.129932
15/03/2016,40.483565
16/03/2016,42.086087
17/03/2016,36.515125
18/03/2016,37.349432
19/03/2016,33.488080
20/03/2016,31.672190
21/03/2016,34.396523
22/03/2016,34.368814
23/03/2016,33.982639
24/03/2016,31.508179
25/03/2016,31.172533
26/03/2016,38.900477
27/03/2016,33.526007
28/03/2016,33.931543
29/03/2016,35.235236
30/03/2016,32.758688
31/03/2016,31.950255
01/04/2016,33.757985
02/04/2016,35.736168
03/04/2016,33.071566
04/04/2016,34.188887
05/04/2016,31.854301
06/04/2016,30.979748
07/04/2016,29.991223
08/04/2016,30.852460
09/04/2016,29.864929
10/04/2016,28.839349
11/04/2016,29.503444
12/04/2016,30.890979
13/04/2016,33.024698
14/04/2016,31.696935
15/04/2016,31.587352
16/04/2016,30.166435
17/04/2016,32.487588
18/04/2016,34.047394
19/04/2016,29.174646
20/04/2016,24.990253
21/04/2016,33.615218
22/04/2016,31.926032
23/04/2016,33.653021
24/04/2016,26.064818
25/04/2016,28.043908
26/04/2016,33.781385
27/04/2016,34.453393
28/04/2016,40.233366
29/04/2016,35.541910
30/04/2016,35.675866
01/05/2016,32.210435
02/05/2016,37.584866
03/05/2016,33.476228
04/05/2016,34.904975
05/05/2016,35.575382
06/05/2016,37.225556
07/05/2016,35.867592
08/05/2016,32.202636
09/05/2016,36.754190
10/05/2016,38.525881
11/05/2016,41.733682
12/05/2016,35.549262
13/05/2016,33.839608
14/05/2016,31.658196
15/05/2016,28.757897
16/05/2016,34.803882
17/05/2016,35.871357
18/05/2016,37.936311
19/05/2016,37.739128
20/05/2016,35.114346
21/05/2016,25.592288
22/05/2016,28.656995
23/05/2016,32.579072
24/05/2016,29.981025
25/05/2016,34.600793
26/05/2016,39.841302
27/05/2016,37.556606
28/05/2016,31.579607
29/05/2016,31.586719
30/05/2016,40.126005
31/05/2016,38.792665
01/06/2016,42.196417
02/06/2016,33.531614
03/06/2016,40.007567
04/06/2016,37.853042
05/06/2016,36.553720
06/06/2016,38.023907
07/06/2016,40.845650
08/06/2016,39.130500
09/06/2016,41.414504
10/06/2016,40.724513
11/06/2016,32.267872
12/06/2016,29.658325
13/06/2016,34.840717
14/06/2016,32.878832
15/06/2016,37.896653
16/06/2016,34.096806
17/06/2016,31.645413
18/06/2016,31.109341
19/06/2016,29.206695
20/06/2016,35.221276
21/06/2016,36.360121
22/06/2016,39.784002
23/06/2016,36.760661
24/06/2016,45.400179
25/06/2016,32.060367
26/06/2016,31.100921
27/06/2016,39.678351
28/06/2016,37.209725
29/06/2016,38.890053
30/06/2016,47.424306
01/07/2016,41.251936
02/07/2016,44.477247
03/07/2016,35.164609
04/07/2016,46.174587
05/07/2016,45.036513
06/07/2016,44.984172
07/07/2016,45.965893
08/07/2016,47.948601
09/07/2016,38.709370
10/07/2016,38.843136
11/07/2016,54.237264
12/07/2016,71.746970
13/07/2016,49.056646
14/07/2016,42.883245
15/07/2016,39.529924
16/07/2016,29.737140
17/07/2016,29.073434
18/07/2016,39.585561
19/07/2016,40.798203
20/07/2016,40.957159
21/07/2016,46.565120
22/07/2016,42.813293
23/07/2016,42.485044
24/07/2016,37.538568
25/07/2016,43.498642
26/07/2016,43.365940
27/07/2016,42.473358
28/07/2016,43.714241
29/07/2016,41.271221
30/07/2016,39.371669
31/07/2016,39.102904
01/08/2016,40.356765
02/08/2016,40.898157
03/08/2016,40.874566
04/08/2016,41.322375
05/08/2016,40.677582
06/08/2016,36.963570
07/08/2016,33.487890
08/08/2016,39.146467
09/08/2016,37.195371
10/08/2016,34.005108
11/08/2016,36.084676
12/08/2016,33.781233
13/08/2016,30.168770
14/08/2016,31.774445
15/08/2016,34.290232
16/08/2016,38.263737
17/08/2016,36.199515
18/08/2016,35.045942
19/08/2016,37.674933
20/08/2016,34.959051
21/08/2016,36.848081
22/08/2016,35.636083
23/08/2016,34.152047
24/08/2016,35.353809
25/08/2016,34.776509
26/08/2016,38.864452
27/08/2016,36.636642
28/08/2016,36.062863
29/08/2016,41.431553
30/08/2016,42.386797
31/08/2016,44.144150
01/09/2016,48.228873
02/09/2016,49.779437
03/09/2016,39.940810
04/09/2016,36.897625
05/09/2016,44.256665
06/09/2016,45.448332
07/09/2016,59.958437
08/09/2016,46.622817
09/09/2016,41.529002
10/09/2016,37.376907
11/09/2016,35.675082
12/09/2016,45.737867
13/09/2016,45.591268
14/09/2016,44.315869
15/09/2016,45.974335
16/09/2016,44.023675
17/09/2016,37.889554
18/09/2016,34.295406
19/09/2016,39.604403
20/09/2016,41.863897
21/09/2016,43.115216
22/09/2016,41.788916
23/09/2016,44.956581
24/09/2016,39.250505
25/09/2016,36.480545
26/09/2016,42.614098
27/09/2016,42.932764
28/09/2016,44.215616
29/09/2016,42.937466
30/09/2016,43.506831
01/10/2016,45.735712
02/10/2016,39.502977
03/10/2016,45.414233
04/10/2016,45.221147
05/10/2016,45.549147
06/10/2016,50.150769
07/10/2016,53.531001
08/10/2016,44.084795
09/10/2016,41.149258
10/10/2016,52.280266
11/10/2016,58.842783
12/10/2016,54.744024
13/10/2016,56.207022
14/10/2016,53.631101
15/10/2016,44.084011
16/10/2016,41.777985
17/10/2016,54.769374
18/10/2016,59.833301
19/10/2016,59.847705
20/10/2016,65.468168
21/10/2016,65.783245
22/10/2016,55.053773
23/10/2016,49.580545
24/10/2016,65.742398
25/10/2016,70.175109
26/10/2016,66.837102
27/10/2016,56.926053
28/10/2016,55.240007
29/10/2016,50.095890
30/10/2016,49.356706
31/10/2016,49.026994
01/11/2016,50.951753
02/11/2016,58.956715
03/11/2016,60.480380
04/11/2016,65.808219
05/11/2016,49.510825
06/11/2016,45.278117
07/11/2016,70.322953
08/11/2016,65.088815
09/11/2016,64.964841
10/11/2016,61.606494
11/11/2016,56.563372
12/11/2016,53.477125
13/11/2016,56.061674
14/11/2016,78.420073
15/11/2016,80.047545
16/11/2016,68.275281
17/11/2016,61.381653
18/11/2016,58.234295
19/11/2016,52.754485
20/11/2016,49.436219
21/11/2016,54.903701
22/11/2016,56.755542
23/11/2016,53.403043
24/11/2016,53.298295
25/11/2016,52.676191
26/11/2016,47.324505
27/11/2016,42.549407
28/11/2016,57.429405
29/11/2016,56.550978
30/11/2016,67.305948
01/12/2016,74.460292
02/12/2016,67.368430
03/12/2016,54.969273
04/12/2016,44.857462
05/12/2016,61.388898
06/12/2016,64.113530
07/12/2016,57.993461
08/12/2016,51.750103
09/12/2016,54.340440
10/12/2016,51.192657
11/12/2016,51.630215
12/12/2016,57.186438
13/12/2016,59.466987
14/12/2016,63.338040
15/12/2016,63.869172
16/12/2016,59.811248
17/12/2016,52.061467
18/12/2016,51.485133
19/12/2016,61.253553
20/12/2016,61.826488
21/12/2016,63.385451
22/12/2016,65.128676
23/12/2016,56.053297
24/12/2016,50.459660
25/12/2016,43.022893
26/12/2016,47.712445
27/12/2016,56.360341
28/12/2016,48.720630
29/12/2016,46.253793
30/12/2016,56.188994
31/12/2016,51.869589
01/01/2017,50.734380
02/01/2017,58.985562
03/01/2017,55.909216
04/01/2017,60.912922
05/01/2017,54.361973
06/01/2017,54.417590
07/01/2017,56.723496
08/01/2017,56.671928
09/01/2017,65.527324
10/01/2017,82.562781
11/01/2017,77.568762
12/01/2017,82.541835
13/01/2017,77.484637
14/01/2017,62.898065
15/01/2017,62.260152
16/01/2017,80.682983
17/01/2017,92.557737
18/01/2017,81.800060
19/01/2017,82.595100
20/01/2017,84.748011
21/01/2017,64.689702
22/01/2017,65.647008
23/01/2017,87.016737
24/01/2017,99.717686
25/01/2017,101.564122
26/01/2017,94.569217
27/01/2017,72.848901
28/01/2017,60.973217
29/01/2017,59.334559
30/01/2017,75.227425
31/01/2017,75.824903
01/02/2017,73.928154
02/02/2017,64.682919
03/02/2017,62.975613
04/02/2017,51.132384
05/02/2017,49.069268
06/02/2017,66.159677
07/02/2017,60.799739
08/02/2017,63.033061
09/02/2017,61.605365
10/02/2017,65.117216
11/02/2017,55.902925
12/02/2017,50.547516
13/02/2017,54.493541
14/02/2017,53.953085
15/02/2017,52.177936
16/02/2017,55.217587
17/02/2017,53.359055
18/02/2017,48.469101
19/02/2017,49.532044
20/02/2017,63.414639
21/02/2017,53.110115
22/02/2017,49.395437
23/02/2017,50.787477
24/02/2017,49.701082
25/02/2017,48.871081
26/02/2017,47.397251
27/02/2017,51.237488
28/02/2017,48.967960
01/03/2017,47.357905
02/03/2017,50.182614
03/03/2017,48.253109
04/03/2017,44.993415
05/03/2017,49.333632
06/03/2017,43.909871
07/03/2017,46.510396
08/03/2017,44.276096
09/03/2017,44.320318
10/03/2017,45.252133
11/03/2017,35.646797
12/03/2017,44.542228
13/03/2017,47.372870
14/03/2017,45.339509
15/03/2017,44.357882
16/03/2017,42.553534
17/03/2017,46.580509
18/03/2017,40.322272
19/03/2017,41.156513
20/03/2017,50.386494
21/03/2017,47.917266
22/03/2017,47.229078
23/03/2017,43.254812
24/03/2017,45.373597
25/03/2017,43.579588
26/03/2017,40.328895
27/03/2017,40.369633
28/03/2017,42.585989
29/03/2017,42.225102
30/03/2017,40.053465
31/03/2017,42.632756
01/04/2017,41.796459
02/04/2017,39.299958
03/04/2017,43.091859
04/04/2017,47.279246
05/04/2017,51.904071
06/04/2017,44.560193
07/04/2017,44.368629
08/04/2017,41.485599
09/04/2017,41.051931
10/04/2017,42.877673
11/04/2017,41.454439
12/04/2017,44.603336
13/04/2017,40.314707
14/04/2017,41.247185
15/04/2017,40.055980
16/04/2017,37.422965
17/04/2017,36.118430
18/04/2017,42.835836
19/04/2017,42.988618
20/04/2017,42.677507
21/04/2017,45.809495
22/04/2017,44.807362
23/04/2017,40.421198
24/04/2017,51.764701
25/04/2017,39.940362
26/04/2017,45.923571
27/04/2017,46.880580
28/04/2017,43.402383
29/04/2017,40.386910
30/04/2017,39.084790
01/05/2017,39.834416
02/05/2017,50.239401
03/05/2017,49.486622
04/05/2017,48.176374
05/05/2017,46.146260
06/05/2017,44.163471
07/05/2017,35.650732
08/05/2017,47.244772
09/05/2017,43.199743
10/05/2017,48.111897
11/05/2017,45.553970
12/05/2017,41.900953
13/05/2017,43.496660
14/05/2017,38.334241
15/05/2017,41.753043
16/05/2017,39.825666
17/05/2017,41.153575
18/05/2017,46.400233
19/05/2017,39.869611
20/05/2017,37.209987
21/05/2017,29.744220
22/05/2017,44.425977
23/05/2017,45.189451
24/05/2017,45.267435
25/05/2017,46.823671
26/05/2017,44.157816
27/05/2017,39.447001
28/05/2017,32.589515
29/05/2017,41.899283
30/05/2017,49.340424
31/05/2017,48.292314
01/06/2017,50.197944
02/06/2017,41.678934
03/06/2017,45.883554
04/06/2017,37.359107
05/06/2017,51.752602
06/06/2017,49.394008
07/06/2017,44.734302
08/06/2017,43.275655
09/06/2017,46.225549
10/06/2017,42.330585
11/06/2017,42.229137
12/06/2017,50.395407
13/06/2017,49.021779
14/06/2017,55.417043
15/06/2017,54.486126
16/06/2017,55.448915
17/06/2017,48.317978
18/06/2017,35.773901
19/06/2017,49.307603
20/06/2017,56.834121
21/06/2017,59.311333
22/06/2017,59.593686
23/06/2017,61.392883
24/06/2017,48.828333
25/06/2017,43.648326
26/06/2017,51.668795
27/06/2017,49.614505
28/06/2017,48.021418
29/06/2017,46.471213
30/06/2017,47.286079
01/07/2017,46.684302
02/07/2017,37.190705
03/07/2017,41.793761
04/07/2017,46.596471
05/07/2017,49.420104
06/07/2017,49.454147
07/07/2017,51.474382
08/07/2017,51.058449
09/07/2017,45.546616
10/07/2017,52.001119
11/07/2017,55.705252
12/07/2017,63.577164
13/07/2017,58.321144
14/07/2017,56.719892
15/07/2017,44.833984
16/07/2017,37.293555
17/07/2017,49.061032
18/07/2017,52.471816
19/07/2017,56.618529
20/07/2017,56.567349
21/07/2017,57.530310
22/07/2017,44.716186
23/07/2017,42.428853
24/07/2017,50.684990
25/07/2017,46.680241
26/07/2017,50.680787
27/07/2017,53.675824
28/07/2017,50.852242
29/07/2017,50.055811
30/07/2017,44.515567
31/07/2017,65.472822
01/08/2017,63.790595
02/08/2017,77.474821
03/08/2017,104.725861
04/08/2017,94.700260
05/08/2017,55.078932
06/08/2017,46.836063
07/08/2017,51.875086
08/08/2017,51.782754
09/08/2017,61.433150
10/08/2017,50.573852
11/08/2017,44.388071
12/08/2017,48.967773
13/08/2017,39.970345
14/08/2017,43.535222
15/08/2017,41.901762
16/08/2017,51.801538
17/08/2017,50.432903
18/08/2017,49.640049
19/08/2017,47.521577
20/08/2017,41.888372
21/08/2017,48.589446
22/08/2017,51.385720
23/08/2017,51.030097
24/08/2017,51.038606
25/08/2017,53.767840
26/08/2017,51.947300
27/08/2017,46.657511
28/08/2017,72.922074
29/08/2017,60.416786
30/08/2017,65.991088
31/08/2017,56.784544
01/09/2017,56.181942
02/09/2017,44.307550
03/09/2017,38.710888
04/09/2017,49.688510
05/09/2017,53.713619
06/09/2017,49.884159
07/09/2017,53.352334
08/09/2017,51.397182
09/09/2017,44.861782
10/09/2017,41.835533
11/09/2017,47.655631
12/09/2017,46.071222
13/09/2017,52.743990
14/09/2017,46.744188
15/09/2017,49.554315
16/09/2017,42.195110
17/09/2017,40.488780
18/09/2017,47.854191
19/09/2017,45.707534
20/09/2017,45.218643
21/09/2017,52.721363
22/09/2017,54.181338
23/09/2017,50.031684
24/09/2017,44.878028
25/09/2017,53.148759
26/09/2017,52.327542
27/09/2017,50.698843
28/09/2017,52.151943
29/09/2017,53.101735
30/09/2017,46.440328
01/10/2017,47.964930
02/10/2017,54.312333
03/10/2017,54.088860
04/10/2017,55.760743
05/10/2017,56.662473
06/10/2017,55.223989
07/10/2017,43.842332
08/10/2017,46.893414
09/10/2017,58.881115
10/10/2017,65.026078
11/10/2017,60.745598
12/10/2017,57.567323
13/10/2017,56.341597
14/10/2017,48.952118
15/10/2017,43.794044
16/10/2017,53.158967
17/10/2017,57.093392
18/10/2017,57.719462
19/10/2017,58.760551
20/10/2017,57.980687
21/10/2017,55.523907
22/10/2017,47.616446
23/10/2017,51.124328
24/10/2017,54.727947
25/10/2017,60.784203
26/10/2017,61.333454
27/10/2017,60.447434
28/10/2017,50.020104
29/10/2017,48.284714
30/10/2017,54.835164
31/10/2017,59.165070
01/11/2017,55.826237
02/11/2017,59.662274
03/11/2017,60.354712
04/11/2017,52.451727
05/11/2017,52.944259
06/11/2017,64.005608
07/11/2017,64.739368
08/11/2017,73.641207
09/11/2017,86.152574
10/11/2017,82.409175
11/11/2017,62.256747
12/11/2017,54.014260
13/11/2017,66.284674
14/11/2017,79.371327
15/11/2017,74.884607
16/11/2017,74.633213
17/11/2017,68.079520
18/11/2017,58.193583
19/11/2017,58.123733
20/11/2017,68.007889
21/11/2017,65.671346
22/11/2017,68.512359
23/11/2017,70.811032
24/11/2017,67.497427
25/11/2017,54.624855
26/11/2017,50.571494
27/11/2017,58.883813
28/11/2017,74.705549
29/11/2017,76.931810
30/11/2017,68.867465
01/12/2017,78.674080
02/12/2017,69.209358
03/12/2017,60.837203
04/12/2017,81.055751
05/12/2017,89.806082
06/12/2017,87.908530
07/12/2017,80.386802
08/12/2017,66.544612
09/12/2017,64.978631
10/12/2017,57.968699
11/12/2017,65.439220
12/12/2017,73.991903
13/12/2017,110.978316
14/12/2017,76.677156
15/12/2017,62.428906
16/12/2017,57.892643
17/12/2017,55.924630
18/12/2017,67.691940
19/12/2017,66.759599
20/12/2017,77.758041
21/12/2017,67.447477
22/12/2017,65.854144
23/12/2017,46.839537
24/12/2017,51.366500
25/12/2017,53.410919
26/12/2017,48.090500
27/12/2017,45.597018
28/12/2017,46.537735
29/12/2017,49.078125
30/12/2017,45.919731
31/12/2017,45.130693
01/01/2018,45.247803
02/01/2018,39.957535
03/01/2018,52.372205
04/01/2018,43.230759
05/01/2018,52.395338
06/01/2018,47.875319
07/01/2018,45.095000
08/01/2018,45.789422
09/01/2018,55.600611
10/01/2018,50.998605
11/01/2018,54.098826
12/01/2018,51.453660
13/01/2018,48.140399
14/01/2018,47.667887
15/01/2018,51.342824
16/01/2018,49.247742
17/01/2018,44.272846
18/01/2018,49.093530
19/01/2018,51.061016
20/01/2018,51.020905
21/01/2018,40.408925
22/01/2018,45.200905
23/01/2018,51.774668
24/01/2018,53.039940
25/01/2018,54.281141
26/01/2018,51.045659
27/01/2018,48.117722
28/01/2018,47.721716
29/01/2018,50.654968
30/01/2018,48.374583
31/01/2018,52.363492
01/02/2018,46.950710
02/02/2018,48.421575
03/02/2018,44.780607
04/02/2018,45.329433
05/02/2018,50.336627
06/02/2018,52.574524
07/02/2018,51.673002
08/02/2018,54.913456
09/02/2018,51.277937
10/02/2018,48.279778
11/02/2018,40.463589
12/02/2018,50.753165
13/02/2018,52.766056
14/02/2018,54.054440
15/02/2018,51.861825
16/02/2018,57.847701
17/02/2018,49.423862
18/02/2018,48.119087
19/02/2018,54.448777
20/02/2018,55.015050
21/02/2018,55.912386
22/02/2018,60.815167
23/02/2018,69.107466
24/02/2018,69.277264
25/02/2018,52.292532
26/02/2018,87.777460
27/02/2018,107.165870
28/02/2018,84.407491
01/03/2018,91.846294
02/03/2018,97.479242
03/03/2018,67.154361
04/03/2018,53.346763
05/03/2018,72.115485
06/03/2018,57.729831
07/03/2018,51.689691
08/03/2018,51.808107
09/03/2018,52.883489
10/03/2018,48.701246
11/03/2018,50.859260
12/03/2018,42.770584
13/03/2018,52.781085
14/03/2018,53.550347
15/03/2018,58.108155
16/03/2018,53.174410
17/03/2018,54.755075
18/03/2018,45.103577
19/03/2018,58.489279
20/03/2018,60.731108
21/03/2018,56.877507
22/03/2018,66.390905
23/03/2018,54.168160
24/03/2018,50.455909
25/03/2018,47.123093
26/03/2018,58.283057
27/03/2018,56.108872
28/03/2018,54.075092
29/03/2018,51.969977
30/03/2018,53.516802
31/03/2018,39.864379
01/04/2018,31.530050
02/04/2018,53.346308
03/04/2018,53.101735
04/04/2018,58.837189
05/04/2018,51.805227
06/04/2018,54.692736
07/04/2018,49.781691
08/04/2018,40.917698
09/04/2018,55.684699
10/04/2018,52.451462
11/04/2018,57.838012
12/04/2018,55.060413
13/04/2018,54.892965
14/04/2018,45.162120
15/04/2018,47.556524
16/04/2018,55.517342
17/04/2018,51.717784
18/04/2018,49.218198
19/04/2018,45.393266
20/04/2018,45.376538
21/04/2018,48.726017
22/04/2018,47.509816
23/04/2018,48.685361
24/04/2018,54.786857
25/04/2018,41.275639
26/04/2018,50.995331
27/04/2018,47.190902
28/04/2018,43.830636
29/04/2018,42.096792
30/04/2018,46.802480
01/05/2018,42.039551
02/05/2018,48.312350
03/05/2018,48.019088
04/05/2018,58.497252
05/05/2018,50.631448
06/05/2018,48.850929
07/05/2018,49.206819
08/05/2018,50.547670
09/05/2018,56.408610
10/05/2018,55.189586
11/05/2018,58.234524
12/05/2018,47.953671
13/05/2018,38.124883
14/05/2018,43.858866
15/05/2018,53.218880
16/05/2018,53.575958
17/05/2018,61.173627
18/05/2018,57.682587
19/05/2018,51.194165
20/05/2018,49.423070
21/05/2018,67.117850
22/05/2018,56.004920
23/05/2018,58.055755
24/05/2018,57.260195
25/05/2018,57.937827
26/05/2018,49.929057
27/05/2018,45.301302
28/05/2018,57.455962
29/05/2018,62.459824
30/05/2018,59.260070
31/05/2018,64.819724
01/06/2018,62.084231
02/06/2018,53.977940
03/06/2018,47.790778
04/06/2018,64.083719
05/06/2018,59.638004
06/06/2018,58.447755
07/06/2018,61.552199
08/06/2018,60.373026
09/06/2018,48.037458
10/06/2018,51.710335
11/06/2018,65.369330
12/06/2018,59.164314
13/06/2018,57.644264
14/06/2018,60.747926
15/06/2018,54.820302
16/06/2018,52.918058
17/06/2018,49.846365
18/06/2018,56.167585
19/06/2018,56.665508
20/06/2018,61.060185
21/06/2018,64.768491
22/06/2018,62.331522
23/06/2018,49.693557
24/06/2018,51.954000
25/06/2018,58.588172
26/06/2018,54.949961
27/06/2018,58.644482
28/06/2018,59.473387
29/06/2018,60.269576
30/06/2018,54.795498
01/07/2018,54.696784
02/07/2018,58.325030
03/07/2018,61.299789
04/07/2018,72.305654
05/07/2018,63.378489
06/07/2018,62.671228
07/07/2018,55.058289
08/07/2018,54.858455
09/07/2018,61.677517
10/07/2018,66.283010
11/07/2018,65.441596
12/07/2018,65.512890
13/07/2018,68.692507
14/07/2018,58.936281
15/07/2018,56.076008
16/07/2018,63.347627
17/07/2018,63.233620
18/07/2018,68.305591
19/07/2018,64.866774
20/07/2018,68.316823
21/07/2018,63.239644
22/07/2018,51.761194
23/07/2018,61.703714
24/07/2018,60.894492
25/07/2018,62.528964
26/07/2018,65.221321
27/07/2018,67.088234
28/07/2018,63.149295
29/07/2018,56.393486
30/07/2018,70.349707
31/07/2018,67.771628
01/08/2018,72.859138
02/08/2018,73.376084
03/08/2018,72.682025
04/08/2018,66.917948
05/08/2018,67.563022
06/08/2018,71.067117
07/08/2018,69.707349
08/08/2018,73.192146
09/08/2018,67.073345
10/08/2018,68.849447
11/08/2018,63.164275
12/08/2018,62.877326
13/08/2018,63.807330
14/08/2018,64.704666
15/08/2018,64.705737
16/08/2018,66.931583
17/08/2018,63.937777
18/08/2018,61.552898
19/08/2018,61.377561
20/08/2018,69.079444
21/08/2018,69.389532
22/08/2018,70.614929
23/08/2018,69.120742
24/08/2018,67.403190
25/08/2018,66.139437
26/08/2018,58.663438
27/08/2018,65.667451
28/08/2018,68.477218
29/08/2018,70.055502
30/08/2018,74.550760
31/08/2018,73.580071
01/09/2018,66.936941
02/09/2018,64.654819
03/09/2018,69.072877
04/09/2018,70.357132
05/09/2018,74.113724
06/09/2018,74.761535
07/09/2018,76.372708
08/09/2018,69.852020
09/09/2018,68.816000
10/09/2018,89.151423
11/09/2018,77.651865
12/09/2018,87.785750
13/09/2018,91.255380
14/09/2018,83.609885
15/09/2018,74.056757
16/09/2018,67.366331
17/09/2018,81.120594
18/09/2018,81.372495
19/09/2018,80.251615
20/09/2018,80.902552
21/09/2018,92.487022
22/09/2018,78.402264
23/09/2018,67.782985
24/09/2018,79.145767
25/09/2018,76.997844
26/09/2018,79.144976
27/09/2018,77.962110
28/09/2018,74.782433
29/09/2018,67.756735
30/09/2018,65.610858
01/10/2018,73.700117
02/10/2018,79.138880
03/10/2018,77.934183
04/10/2018,76.920007
05/10/2018,76.736273
06/10/2018,80.013031
07/10/2018,73.126365
08/10/2018,77.560211
09/10/2018,83.079500
10/10/2018,78.708645
11/10/2018,77.292380
12/10/2018,73.475242
13/10/2018,68.220957
14/10/2018,62.607752
15/10/2018,74.588024
16/10/2018,79.185497
17/10/2018,87.286014
18/10/2018,76.089052
19/10/2018,78.354305
20/10/2018,69.924318
21/10/2018,64.852925
22/10/2018,75.435057
23/10/2018,72.297437
24/10/2018,74.783746
25/10/2018,74.426257
26/10/2018,72.941611
27/10/2018,65.155438
28/10/2018,56.635459
29/10/2018,68.564593
30/10/2018,71.479187
31/10/2018,72.193175
01/11/2018,60.658425
02/11/2018,66.183370
03/11/2018,60.811101
04/11/2018,55.719485
05/11/2018,62.742172
06/11/2018,63.858797
07/11/2018,61.355370
08/11/2018,63.073575
09/11/2018,63.144643
10/11/2018,60.939933
11/11/2018,59.512995
12/11/2018,65.060042
13/11/2018,65.671881
14/11/2018,64.952380
15/11/2018,66.464380
16/11/2018,68.145400
17/11/2018,65.452835
18/11/2018,63.431014
19/11/2018,74.584097
20/11/2018,79.210351
21/11/2018,75.435235
22/11/2018,86.541952
23/11/2018,79.740333
24/11/2018,66.050249
25/11/2018,59.813489
26/11/2018,71.095949
27/11/2018,72.224085
28/11/2018,60.610475
29/11/2018,63.556698
30/11/2018,71.389290
01/12/2018,69.273967
02/12/2018,67.283912
03/12/2018,66.934661
04/12/2018,65.975463
05/12/2018,65.022872
06/12/2018,72.164619
07/12/2018,69.279832
08/12/2018,50.743597
09/12/2018,53.817008
10/12/2018,58.643896
11/12/2018,65.028265
12/12/2018,75.204813
13/12/2018,74.536747
14/12/2018,76.562648
15/12/2018,65.628175
16/12/2018,63.580520
17/12/2018,72.530205
18/12/2018,66.749168
19/12/2018,77.260350
20/12/2018,72.080830
21/12/2018,69.001088
22/12/2018,60.831197
23/12/2018,62.472147
24/12/2018,57.997243
25/12/2018,47.733410
26/12/2018,57.715990
27/12/2018,65.179907
28/12/2018,64.363800
29/12/2018,60.473846
30/12/2018,66.870804
31/12/2018,58.832394
01/01/2019,44.102080
02/01/2019,59.144495
03/01/2019,59.739097
04/01/2019,67.234603
05/01/2019,68.234165
06/01/2019,58.888444
07/01/2019,68.683970
08/01/2019,76.420436
09/01/2019,70.466242
10/01/2019,71.979200
11/01/2019,70.464327
12/01/2019,66.376087
13/01/2019,65.456345
14/01/2019,64.921213
15/01/2019,71.934499
16/01/2019,72.390155
17/01/2019,69.274552
18/01/2019,71.171052
19/01/2019,69.039116
20/01/2019,65.978934
21/01/2019,72.538286
22/01/2019,71.820133
23/01/2019,77.113817
24/01/2019,83.241047
25/01/2019,69.501315
26/01/2019,61.512683
27/01/2019,62.848206
28/01/2019,61.010472
29/01/2019,70.568983
30/01/2019,71.205250
31/01/2019,63.923954
01/02/2019,65.057540
02/02/2019,55.602093
03/02/2019,54.709328
04/02/2019,65.450055
05/02/2019,59.351165
06/02/2019,56.191859
07/02/2019,64.832875
08/02/2019,62.651644
09/02/2019,65.861960
10/02/2019,51.780130
11/02/2019,50.836469
12/02/2019,57.887203
13/02/2019,54.165934
14/02/2019,57.129427
15/02/2019,55.207556
16/02/2019,53.781376
17/02/2019,56.670582
18/02/2019,62.802202
19/02/2019,58.382148
20/02/2019,59.644713
21/02/2019,62.373980
22/02/2019,58.116092
23/02/2019,50.655280
24/02/2019,45.583291
25/02/2019,57.387082
26/02/2019,57.710622
27/02/2019,54.830696
28/02/2019,59.978325
01/03/2019,54.711111
02/03/2019,50.886749
03/03/2019,53.085220
04/03/2019,49.571490
05/03/2019,58.376935
06/03/2019,59.678038
07/03/2019,54.220532
08/03/2019,58.188704
09/03/2019,53.744305
10/03/2019,44.049547
11/03/2019,47.772760
12/03/2019,50.626759
13/03/2019,59.759196
14/03/2019,57.228358
15/03/2019,57.456830
16/03/2019,46.713878
17/03/2019,56.301623
18/03/2019,54.747659
19/03/2019,61.370162
20/03/2019,54.746785
21/03/2019,51.398457
22/03/2019,54.521954
23/03/2019,46.888109
24/03/2019,47.362781
25/03/2019,49.336082
26/03/2019,51.351801
27/03/2019,50.795528
28/03/2019,49.275285
29/03/2019,55.817168
30/03/2019,49.415454
31/03/2019,49.644686
01/04/2019,59.342522
02/04/2019,58.008490
03/04/2019,60.141549
04/04/2019,56.915922
05/04/2019,52.311300
06/04/2019,52.791642
07/04/2019,53.070832
08/04/2019,55.076153
09/04/2019,57.280623
10/04/2019,60.740122
11/04/2019,61.147533
12/04/2019,61.342047
13/04/2019,55.681112
14/04/2019,55.811989
15/04/2019,55.498817
16/04/2019,58.269029
17/04/2019,59.553114
18/04/2019,55.091197
19/04/2019,50.912638
20/04/2019,46.387221
21/04/2019,39.863007
22/04/2019,35.203471
23/04/2019,59.969620
24/04/2019,55.713749
25/04/2019,45.495179
26/04/2019,51.677334
27/04/2019,45.900310
28/04/2019,37.777617
29/04/2019,50.945555
30/04/2019,52.716648
01/05/2019,46.303126
02/05/2019,60.137447
03/05/2019,60.273527
04/05/2019,57.922211
05/05/2019,41.237535
06/05/2019,52.153709
07/05/2019,57.595817
08/05/2019,62.519079
09/05/2019,57.073482
10/05/2019,56.062037
11/05/2019,53.349062
12/05/2019,45.080579
13/05/2019,57.324304
14/05/2019,54.211392
15/05/2019,55.939516
16/05/2019,53.574734
17/05/2019,53.339265
18/05/2019,46.806008
19/05/2019,44.029255
20/05/2019,49.096706
21/05/2019,47.405570
22/05/2019,50.686223
23/05/2019,50.053234
24/05/2019,47.675179
25/05/2019,44.758281
26/05/2019,43.262592
27/05/2019,44.399667
28/05/2019,44.739563
29/05/2019,41.060844
30/05/2019,45.346865
31/05/2019,47.483400
01/06/2019,40.070164
02/06/2019,33.638765
03/06/2019,47.641311
04/06/2019,42.648657
05/06/2019,47.448267
06/06/2019,49.846462
07/06/2019,52.071363
08/06/2019,48.166061
09/06/2019,39.642304
10/06/2019,50.806333
11/06/2019,49.129591
12/06/2019,51.382939
13/06/2019,50.038285
14/06/2019,50.450455
15/06/2019,43.102007
16/06/2019,40.071009
17/06/2019,48.870610
18/06/2019,54.345539
19/06/2019,56.302562
20/06/2019,56.751313
21/06/2019,51.192140
22/06/2019,44.336553
23/06/2019,40.970712
24/06/2019,47.929370
25/06/2019,48.724746
26/06/2019,58.448407
27/06/2019,65.418393
28/06/2019,55.216916
29/06/2019,48.137355
30/06/2019,44.678822
01/07/2019,62.768628
02/07/2019,63.990696
03/07/2019,61.917647
04/07/2019,57.794239
05/07/2019,56.674928
06/07/2019,50.991626
07/07/2019,43.095094
08/07/2019,51.570672
09/07/2019,54.861611
10/07/2019,51.601391
11/07/2019,53.016797
12/07/2019,55.774407
13/07/2019,46.243445
14/07/2019,40.850222
15/07/2019,52.732973
16/07/2019,46.774499
17/07/2019,47.964454
18/07/2019,49.479058
19/07/2019,55.242171
20/07/2019,44.228043
21/07/2019,43.404061
22/07/2019,53.943559
23/07/2019,53.572536
24/07/2019,59.478417
25/07/2019,62.020681
26/07/2019,62.794009
27/07/2019,49.693098
28/07/2019,37.207329
29/07/2019,48.445450
30/07/2019,49.414489
31/07/2019,54.164224
01/08/2019,51.256573
02/08/2019,47.569418
03/08/2019,46.345742
04/08/2019,43.281525
05/08/2019,49.713785
06/08/2019,49.500452
07/08/2019,52.020791
08/08/2019,49.886727
09/08/2019,50.368857
10/08/2019,52.232205
11/08/2019,53.827247
12/08/2019,58.845550
13/08/2019,49.426308
14/08/2019,39.990835
15/08/2019,37.361179
16/08/2019,42.551078
17/08/2019,40.993295
18/08/2019,39.197654
19/08/2019,46.499044
20/08/2019,46.607906
21/08/2019,46.108785
22/08/2019,45.849439
23/08/2019,47.052147
24/08/2019,44.977792
25/08/2019,44.375925
26/08/2019,52.543482
27/08/2019,62.081551
28/08/2019,70.098999
29/08/2019,65.616697
30/08/2019,59.545925
31/08/2019,50.138596
01/09/2019,49.711535
02/09/2019,61.130117
03/09/2019,53.275602
04/09/2019,49.774034
05/09/2019,52.745195
06/09/2019,52.357731
07/09/2019,41.609001
08/09/2019,38.411280
09/09/2019,45.323712
10/09/2019,50.778309
11/09/2019,48.371681
12/09/2019,48.510408
13/09/2019,48.550520
14/09/2019,44.499031
15/09/2019,43.574593
16/09/2019,53.859366
17/09/2019,50.913053
18/09/2019,57.125007
19/09/2019,61.787530
20/09/2019,53.989101
21/09/2019,43.839835
22/09/2019,45.823664
23/09/2019,52.077869
24/09/2019,54.790142
25/09/2019,60.416291
26/09/2019,56.038995
27/09/2019,62.233502
28/09/2019,53.396567
29/09/2019,45.164281
30/09/2019,55.293272
01/10/2019,60.520591
02/10/2019,61.035922
03/10/2019,55.592007
04/10/2019,58.846020
05/10/2019,51.329135
06/10/2019,43.505355
07/10/2019,61.376897
08/10/2019,60.584813
09/10/2019,58.648433
10/10/2019,56.313602
11/10/2019,59.328521
12/10/2019,48.643273
13/10/2019,45.678379
14/10/2019,60.605556
15/10/2019,59.196297
16/10/2019,57.811908
17/10/2019,60.773890
18/10/2019,62.269377
19/10/2019,53.812492
20/10/2019,43.871337
21/10/2019,51.172536
22/10/2019,49.832126
23/10/2019,49.878642
24/10/2019,46.875833
25/10/2019,43.363865
26/10/2019,40.283834
27/10/2019,40.869294
28/10/2019,48.972003
29/10/2019,49.704418
30/10/2019,50.067108
31/10/2019,47.206249
01/11/2019,42.137646
02/11/2019,42.102722
03/11/2019,27.440610
04/11/2019,36.199577
05/11/2019,41.092412
06/11/2019,51.742533
07/11/2019,44.818048
08/11/2019,49.848345
09/11/2019,43.379542
10/11/2019,41.388767
11/11/2019,47.026656
12/11/2019,50.581852
13/11/2019,54.704944
14/11/2019,55.067127
15/11/2019,55.096040
16/11/2019,47.012311
17/11/2019,42.457877
18/11/2019,56.518730
19/11/2019,60.952820
20/11/2019,57.915536
21/11/2019,55.970718
22/11/2019,52.178496
23/11/2019,44.910116
24/11/2019,42.203483
25/11/2019,51.910178
26/11/2019,52.394341
27/11/2019,47.061472
28/11/2019,51.408199
29/11/2019,48.923543
30/11/2019,50.313145
01/12/2019,46.802359
02/12/2019,52.313451
03/12/2019,56.019970
04/12/2019,55.457791
05/12/2019,57.251635
06/12/2019,53.323435
07/12/2019,51.168842
08/12/2019,48.331245
09/12/2019,47.356521
10/12/2019,48.767366
11/12/2019,51.137434
12/12/2019,52.572718
13/12/2019,47.994551
14/12/2019,41.925177
15/12/2019,40.870411
16/12/2019,48.173949
17/12/2019,46.594092
18/12/2019,43.960740
19/12/2019,49.943363
20/12/2019,41.035367
21/12/2019,29.952807
22/12/2019,27.002373
23/12/2019,28.389536
24/12/2019,27.421309
25/12/2019,21.780733
26/12/2019,34.818085
27/12/2019,45.986361
28/12/2019,35.191776
29/12/2019,31.069748
30/12/2019,37.069435
31/12/2019,43.738161
01/01/2020,35.792118
02/01/2020,45.745415
03/01/2020,43.938159
04/01/2020,44.208705
05/01/2020,38.060425
06/01/2020,39.923403
07/01/2020,52.590938
08/01/2020,47.919989
09/01/2020,55.440532
10/01/2020,52.978107
11/01/2020,45.419283
12/01/2020,45.060714
13/01/2020,54.283781
14/01/2020,56.214004
15/01/2020,54.866988
16/01/2020,50.281465
17/01/2020,51.889451
18/01/2020,46.751225
19/01/2020,42.983175
20/01/2020,45.856088
21/01/2020,47.660681
22/01/2020,50.816421
23/01/2020,51.631008
24/01/2020,51.724331
25/01/2020,45.796182
26/01/2020,45.376838
27/01/2020,48.039687
28/01/2020,45.327060
29/01/2020,44.500670
30/01/2020,45.490746
31/01/2020,44.931204
01/02/2020,40.579922
02/02/2020,38.738745
03/02/2020,37.613866
04/02/2020,40.085215
05/02/2020,39.166379
06/02/2020,40.591906
07/02/2020,48.074449
08/02/2020,41.339893
09/02/2020,36.822657
10/02/2020,38.425382
11/02/2020,38.561298
12/02/2020,42.865939
13/02/2020,42.177546
14/02/2020,38.187620
15/02/2020,36.423655
16/02/2020,36.443523
17/02/2020,40.646977
18/02/2020,39.372020
19/02/2020,40.002552
20/02/2020,38.828794
21/02/2020,46.094930
22/02/2020,37.748791
23/02/2020,32.624379
24/02/2020,38.301587
25/02/2020,40.238115
26/02/2020,34.905421
27/02/2020,38.965698
28/02/2020,40.753146
29/02/2020,35.179350
01/03/2020,24.804817
02/03/2020,35.247574
03/03/2020,38.086227
04/03/2020,41.960963
05/03/2020,45.838131
06/03/2020,36.457765
07/03/2020,40.098095
08/03/2020,23.087681
09/03/2020,43.461504
10/03/2020,39.654220
11/03/2020,39.768568
12/03/2020,39.678352
13/03/2020,34.172414
14/03/2020,36.241799
15/03/2020,20.688307
16/03/2020,33.101315
17/03/2020,33.777120
18/03/2020,29.352859
19/03/2020,30.981497
20/03/2020,30.376180
21/03/2020,26.516320
22/03/2020,24.769151
23/03/2020,16.974725
24/03/2020,27.289137
25/03/2020,25.487049
26/03/2020,24.354777
27/03/2020,29.955886
28/03/2020,31.280417
29/03/2020,28.866918
30/03/2020,34.353817
31/03/2020,24.873989
01/04/2020,25.382006
02/04/2020,28.946506
03/04/2020,27.927923
04/04/2020,19.244653
05/04/2020,17.516250
06/04/2020,28.826917
07/04/2020,30.787693
08/04/2020,27.955599
09/04/2020,25.948929
10/04/2020,22.611802
11/04/2020,23.396962
12/04/2020,15.847701
13/04/2020,13.968084
14/04/2020,25.615152
15/04/2020,19.811957
16/04/2020,22.954948
17/04/2020,30.312590
18/04/2020,29.305532
19/04/2020,24.299013
20/04/2020,30.939103
21/04/2020,27.689220
22/04/2020,32.212015
23/04/2020,26.421177
24/04/2020,27.825547
25/04/2020,14.176373
26/04/2020,21.814199
27/04/2020,31.206392
28/04/2020,26.014002
29/04/2020,20.675325
30/04/2020,24.527973
01/05/2020,10.659308
02/05/2020,14.307826
03/05/2020,14.534564
04/05/2020,29.557824
05/05/2020,25.304305
06/05/2020,25.994146
07/05/2020,22.224085
08/05/2020,22.669760
09/05/2020,25.825696
10/05/2020,20.267446
11/05/2020,23.886050
12/05/2020,22.620123
13/05/2020,28.638072
14/05/2020,22.490448
15/05/2020,21.461878
16/05/2020,20.720526
17/05/2020,18.059006
18/05/2020,25.163312
19/05/2020,27.754333
20/05/2020,24.130928
21/05/2020,17.983404
22/05/2020,20.484995
23/05/2020,18.935918
24/05/2020,11.893958
25/05/2020,17.867406
26/05/2020,24.777131
27/05/2020,21.659705
28/05/2020,20.622180
29/05/2020,28.880489
30/05/2020,24.097793
31/05/2020,21.951861
01/06/2020,19.370385
02/06/2020,20.644050
03/06/2020,26.731860
04/06/2020,24.828996
05/06/2020,23.666564
06/06/2020,16.415981
07/06/2020,20.351614
08/06/2020,31.244338
09/06/2020,30.374356
10/06/2020,27.879992
11/06/2020,25.176697
12/06/2020,26.083090
13/06/2020,23.324529
14/06/2020,20.313026
15/06/2020,31.258254
16/06/2020,31.290575
17/06/2020,31.585672
18/06/2020,30.086069
19/06/2020,30.971515
20/06/2020,26.625478
21/06/2020,20.363678
22/06/2020,30.177613
23/06/2020,31.440869
24/06/2020,35.381851
25/06/2020,38.352032
26/06/2020,36.819163
27/06/2020,30.145037
28/06/2020,28.525131
29/06/2020,31.896884
30/06/2020,38.918846
01/07/2020,44.881684
02/07/2020,44.929456
03/07/2020,39.398255
04/07/2020,32.105427
05/07/2020,23.389973
06/07/2020,32.606076
07/07/2020,34.101377
08/07/2020,41.799682
09/07/2020,40.907069
10/07/2020,39.593220
11/07/2020,31.832719
12/07/2020,28.123884
13/07/2020,35.438641
14/07/2020,37.245110
15/07/2020,40.858557
16/07/2020,41.303823
17/07/2020,37.938790
18/07/2020,30.964281
19/07/2020,28.878085
20/07/2020,36.742992
21/07/2020,38.669941
22/07/2020,39.964808
23/07/2020,42.056119
24/07/2020,36.822453
25/07/2020,29.697621
26/07/2020,27.717405
27/07/2020,39.914986
28/07/2020,41.569684
29/07/2020,51.734191
30/07/2020,49.045830
31/07/2020,57.948472
01/08/2020,37.155159
02/08/2020,34.368803
03/08/2020,40.438545
04/08/2020,38.092465
05/08/2020,42.045632
06/08/2020,37.557775
07/08/2020,38.708182
08/08/2020,33.594822
09/08/2020,29.791703
10/08/2020,40.520397
11/08/2020,41.147964
12/08/2020,42.959715
13/08/2020,41.341375
14/08/2020,38.948014
15/08/2020,32.925263
16/08/2020,34.032170
17/08/2020,42.305189
18/08/2020,43.434000
19/08/2020,44.338272
20/08/2020,44.306131
21/08/2020,39.987341
22/08/2020,40.390620
23/08/2020,27.526283
24/08/2020,45.764079
25/08/2020,40.638099
26/08/2020,49.040633
27/08/2020,52.267482
28/08/2020,46.665621
29/08/2020,40.537343
30/08/2020,34.772418
31/08/2020,54.273927
01/09/2020,49.357414
02/09/2020,50.206711
03/09/2020,47.591354
04/09/2020,45.113106
05/09/2020,38.187185
06/09/2020,37.554905
07/09/2020,48.408606
08/09/2020,48.469712
09/09/2020,50.897120
10/09/2020,52.309340
11/09/2020,56.831050
12/09/2020,41.818702
13/09/2020,37.300082
14/09/2020,54.486418
15/09/2020,71.317074
16/09/2020,59.520121
17/09/2020,52.562808
18/09/2020,46.117670
19/09/2020,42.147794
20/09/2020,42.358019
21/09/2020,59.634962
22/09/2020,57.932765
23/09/2020,51.934611
24/09/2020,49.290374
25/09/2020,49.294633
26/09/2020,33.615812
27/09/2020,34.972204
28/09/2020,47.730414
29/09/2020,55.119990
30/09/2020,51.940299
01/10/2020,45.787455
02/10/2020,43.621129
03/10/2020,31.932807
04/10/2020,20.031052
05/10/2020,36.420402
06/10/2020,40.988561
07/10/2020,40.210797
08/10/2020,38.346393
09/10/2020,47.475792
10/10/2020,39.296092
11/10/2020,34.805815
12/10/2020,48.671832
13/10/2020,47.462077
14/10/2020,52.817080
15/10/2020,45.329742
16/10/2020,49.112013
17/10/2020,45.757197
18/10/2020,43.713819
19/10/2020,51.668659
20/10/2020,50.014300
21/10/2020,46.971133
22/10/2020,51.338772
23/10/2020,47.932055
24/10/2020,45.502580
25/10/2020,33.159468
26/10/2020,41.514875
27/10/2020,48.374835
28/10/2020,50.047529
29/10/2020,46.161484
30/10/2020,46.201962
31/10/2020,40.399481
01/11/2020,37.747353
02/11/2020,44.174169
03/11/2020,45.429818
04/11/2020,44.523720
05/11/2020,43.617701
06/11/2020,42.713404
07/11/2020,39.804799
08/11/2020,41.834432
09/11/2020,45.771227
10/11/2020,50.518790
11/11/2020,47.973355
12/11/2020,57.862655
13/11/2020,51.208703
14/11/2020,48.405192
15/11/2020,45.142127
16/11/2020,51.816112
17/11/2020,46.484418
18/11/2020,48.092958
19/11/2020,47.287668
20/11/2020,49.855628
21/11/2020,41.011456
22/11/2020,40.816317
23/11/2020,54.331655
24/11/2020,55.512962
25/11/2020,55.328839
26/11/2020,57.908679
27/11/2020,68.730983
28/11/2020,54.292461
29/11/2020,46.889277
30/11/2020,57.342650
01/12/2020,58.873105
02/12/2020,72.642385
03/12/2020,65.010542
04/12/2020,59.223260
05/12/2020,51.400695
06/12/2020,46.441274
07/12/2020,54.841213
08/12/2020,58.383577
09/12/2020,71.919711
10/12/2020,68.666096
11/12/2020,57.420812
12/12/2020,52.824519
13/12/2020,43.678571
14/12/2020,52.342857
15/12/2020,57.848150
16/12/2020,65.166208
17/12/2020,68.659818
18/12/2020,65.154797
19/12/2020,57.306976
20/12/2020,46.673825
21/12/2020,56.838251
22/12/2020,56.366974
23/12/2020,51.372247
24/12/2020,39.746301
25/12/2020,32.522232
26/12/2020,37.234252
27/12/2020,35.548796
28/12/2020,41.243282
29/12/2020,49.425889
30/12/2020,51.426631
31/12/2020,48.921109
01/01/2021,48.167024
02/01/2021,51.219247
03/01/2021,47.732548
04/01/2021,59.100515
05/01/2021,59.290325
06/01/2021,58.233649
07/01/2021,71.963709
08/01/2021,75.813747
09/01/2021,60.805139
10/01/2021,57.336457
11/01/2021,66.834810
12/01/2021,68.115300
13/01/2021,73.775780
14/01/2021,76.713622
15/01/2021,71.877692
16/01/2021,57.275926
17/01/2021,58.509288
18/01/2021,69.898226
19/01/2021,70.233027
20/01/2021,63.022596
21/01/2021,61.121535
22/01/2021,59.762045
23/01/2021,52.963505
24/01/2021,48.589031
25/01/2021,59.107364
26/01/2021,63.100217
27/01/2021,60.493943
28/01/2021,60.820815
29/01/2021,54.049990
30/01/2021,49.684138
31/01/2021,46.471843
01/02/2021,60.265605
02/02/2021,58.979867
03/02/2021,57.811045
04/02/2021,53.813378
05/02/2021,62.815994
06/02/2021,56.796250
07/02/2021,37.002342
08/02/2021,47.587237
09/02/2021,59.248487
10/02/2021,63.875658
11/02/2021,69.016547
12/02/2021,66.363730
13/02/2021,58.496218
14/02/2021,45.721731
15/02/2021,58.172317
16/02/2021,61.867215
17/02/2021,63.134073
18/02/2021,60.382970
19/02/2021,61.805632
20/02/2021,54.084377
21/02/2021,43.729215
22/02/2021,56.221833
23/02/2021,57.269006
24/02/2021,54.587655
25/02/2021,59.259967
26/02/2021,60.911071
27/02/2021,51.666509
28/02/2021,43.150623
01/03/2021,55.676063
02/03/2021,61.319460
03/03/2021,62.520605
04/03/2021,61.878083
05/03/2021,57.709665
06/03/2021,55.827943
07/03/2021,53.592666
08/03/2021,62.901216
09/03/2021,64.305024
10/03/2021,55.619885
11/03/2021,61.279474
12/03/2021,60.591457
13/03/2021,56.480068
14/03/2021,43.889609
15/03/2021,53.630971
16/03/2021,62.542112
17/03/2021,60.418067
18/03/2021,72.007099
19/03/2021,63.802724
20/03/2021,65.432327
21/03/2021,55.274095
22/03/2021,62.617137
23/03/2021,61.650421
24/03/2021,62.347131
25/03/2021,65.709223
26/03/2021,65.687385
27/03/2021,58.052305
28/03/2021,63.271475
29/03/2021,63.208269
30/03/2021,62.424452
31/03/2021,60.582182
01/04/2021,61.288187
02/04/2021,56.873449
03/04/2021,59.322547
04/04/2021,40.261519
05/04/2021,53.303440
06/04/2021,60.515660
07/04/2021,67.182713
08/04/2021,72.098901
09/04/2021,71.324965
10/04/2021,59.789904
11/04/2021,58.542967
12/04/2021,73.394692
13/04/2021,75.694002
14/04/2021,81.553913
15/04/2021,76.185023
16/04/2021,74.161908
17/04/2021,68.140129
18/04/2021,68.734775
19/04/2021,80.899553
20/04/2021,79.254897
21/04/2021,78.401726
22/04/2021,73.737647
23/04/2021,70.803928
24/04/2021,64.726902
25/04/2021,67.071575
26/04/2021,72.797382
27/04/2021,77.042147
28/04/2021,76.126003
29/04/2021,76.473887
30/04/2021,74.850927
01/05/2021,57.608763
02/05/2021,45.838490
03/05/2021,71.990303
04/05/2021,74.414450
05/05/2021,72.767230
06/05/2021,73.852565
07/05/2021,74.630812
08/05/2021,71.562862
09/05/2021,70.140265
10/05/2021,71.269085
11/05/2021,76.362915
12/05/2021,68.374505
13/05/2021,71.211471
14/05/2021,77.175188
15/05/2021,63.043750
16/05/2021,46.113647
17/05/2021,68.267626
18/05/2021,75.092674
19/05/2021,76.553974
20/05/2021,71.221090
21/05/2021,77.704556
22/05/2021,62.552080
23/05/2021,62.988904
24/05/2021,74.455105
25/05/2021,68.440968
26/05/2021,81.960021
27/05/2021,82.942375
28/05/2021,79.166667
29/05/2021,68.738153
30/05/2021,59.879980
31/05/2021,70.827755
01/06/2021,73.162597
02/06/2021,69.505958
03/06/2021,71.029418
04/06/2021,79.784028
05/06/2021,69.709870
06/06/2021,69.584936
07/06/2021,78.147893
08/06/2021,77.929482
09/06/2021,75.866819
10/06/2021,83.398063
11/06/2021,84.272085
12/06/2021,76.525424
13/06/2021,68.023603
14/06/2021,75.573800
15/06/2021,84.516882
16/06/2021,90.602615
17/06/2021,90.427347
18/06/2021,89.533089
19/06/2021,78.905119
20/06/2021,80.641115
21/06/2021,85.218711
22/06/2021,90.979346
23/06/2021,101.670622
24/06/2021,106.558113
25/06/2021,98.155644
26/06/2021,91.817210
27/06/2021,87.093009
28/06/2021,99.794260
29/06/2021,112.105969
30/06/2021,103.377809
01/07/2021,98.072153
02/07/2021,110.261929
03/07/2021,107.208750
04/07/2021,94.011929
05/07/2021,96.762734
06/07/2021,105.562244
07/07/2021,112.727896
08/07/2021,111.699662
09/07/2021,96.744044
10/07/2021,91.892644
11/07/2021,87.734035
12/07/2021,103.558933
13/07/2021,107.813337
14/07/2021,99.599262
15/07/2021,96.383797
16/07/2021,98.998615
17/07/2021,93.503648
18/07/2021,82.561353
19/07/2021,98.814661
20/07/2021,110.478646
21/07/2021,103.697945
22/07/2021,103.369568
23/07/2021,109.683692
24/07/2021,105.068879
25/07/2021,88.604614
26/07/2021,105.851700
27/07/2021,112.351059
28/07/2021,115.338996
29/07/2021,115.292627
30/07/2021,109.597015
31/07/2021,109.084205
01/08/2021,91.875912
02/08/2021,108.753860
03/08/2021,112.283875
04/08/2021,113.759884
05/08/2021,106.531200
06/08/2021,109.924232
07/08/2021,98.798061
08/08/2021,97.483192
09/08/2021,107.570211
10/08/2021,113.441307
11/08/2021,120.296423
12/08/2021,118.925802
13/08/2021,124.546550
14/08/2021,115.406946
15/08/2021,115.556940
16/08/2021,117.542045
17/08/2021,114.667193
18/08/2021,111.782627
19/08/2021,122.518365
20/08/2021,109.230682
21/08/2021,106.306865
22/08/2021,101.431659
23/08/2021,108.937923
24/08/2021,116.053167
25/08/2021,109.138222
26/08/2021,129.627601
27/08/2021,112.785689
28/08/2021,112.548301
29/08/2021,103.667655
30/08/2021,126.174653
31/08/2021,126.681263
01/09/2021,126.877079
02/09/2021,139.320141
03/09/2021,145.293144
04/09/2021,136.360236
05/09/2021,113.094663
06/09/2021,131.541058
07/09/2021,137.502726
08/09/2021,139.394145
09/09/2021,145.030311
10/09/2021,145.207961
11/09/2021,139.235988
12/09/2021,133.703473
13/09/2021,148.182048
14/09/2021,152.580567
15/09/2021,174.582561
16/09/2021,183.415471
17/09/2021,167.382542
18/09/2021,156.690869
19/09/2021,158.222348
20/09/2021,159.169505
21/09/2021,175.959909
22/09/2021,181.184326
23/09/2021,170.845359
24/09/2021,191.199968
25/09/2021,164.582014
26/09/2021,163.806426
27/09/2021,173.631607
28/09/2021,178.788594
29/09/2021,218.408375
30/09/2021,206.366665
01/10/2021,205.613268
02/10/2021,227.128750
03/10/2021,191.597500
04/10/2021,211.114763
05/10/2021,206.707847
06/10/2021,242.456974
07/10/2021,307.715101
08/10/2021,229.074100
09/10/2021,200.179508
10/10/2021,171.865463
11/10/2021,203.476238
12/10/2021,218.539331
13/10/2021,215.782201
14/10/2021,214.065942
15/10/2021,211.857417
16/10/2021,217.446378
17/10/2021,192.080555
18/10/2021,246.654207
19/10/2021,250.544841
20/10/2021,232.336821
21/10/2021,216.013468
22/10/2021,233.277114
23/10/2021,219.745922
24/10/2021,189.631105
25/10/2021,211.932215
26/10/2021,239.877509
27/10/2021,224.420649
28/10/2021,213.778064
29/10/2021,218.036382
30/10/2021,190.077731
31/10/2021,194.343366
01/11/2021,166.614192
02/11/2021,202.612886
03/11/2021,199.890678
04/11/2021,191.283150
05/11/2021,209.274972
06/11/2021,174.424416
07/11/2021,195.481352
08/11/2021,217.422025
09/11/2021,211.299500
10/11/2021,232.942152
11/11/2021,199.446067
12/11/2021,202.706036
13/11/2021,189.382813
14/11/2021,178.629835
15/11/2021,228.469351
16/11/2021,237.312434
17/11/2021,244.988341
18/11/2021,247.470427
19/11/2021,243.492267
20/11/2021,230.293880
21/11/2021,223.466328
22/11/2021,258.531112
23/11/2021,270.205193
24/11/2021,289.273454
25/11/2021,292.226661
26/11/2021,256.397578
27/11/2021,223.182269
28/11/2021,204.214812
29/11/2021,287.007736
30/11/2021,270.642227
01/12/2021,280.460909
02/12/2021,275.751485
03/12/2021,290.596846
04/12/2021,223.435092
05/12/2021,221.865606
06/12/2021,269.725727
07/12/2021,252.597351
08/12/2021,245.101685
09/12/2021,278.545948
10/12/2021,256.324701
11/12/2021,246.138107
12/12/2021,240.005240
13/12/2021,294.749431
14/12/2021,309.676033
15/12/2021,341.991622
16/12/2021,347.345062
17/12/2021,329.717660
18/12/2021,297.884461
19/12/2021,334.322511
20/12/2021,363.882737
21/12/2021,418.359870
22/12/2021,437.940919
23/12/2021,413.879052
24/12/2021,306.856568
25/12/2021,219.021486
26/12/2021,209.882275
27/12/2021,243.629166
28/12/2021,196.400985
29/12/2021,218.850833
30/12/2021,186.013889
31/12/2021,167.534758
01/01/2022,150.689166
02/01/2022,167.212316
03/01/2022,193.642835
04/01/2022,166.092295
05/01/2022,192.537931
06/01/2022,225.702560
07/01/2022,233.972870
08/01/2022,234.467665
09/01/2022,213.276250
10/01/2022,252.188037
11/01/2022,245.244166
12/01/2022,234.329741
13/01/2022,223.405197
14/01/2022,227.552970
15/01/2022,218.630519
16/01/2022,213.050390
17/01/2022,244.856166
18/01/2022,240.678212
19/01/2022,234.184394
20/01/2022,220.305295
21/01/2022,216.492388
22/01/2022,204.628310
23/01/2022,197.383406
24/01/2022,241.878429
25/01/2022,281.657640
26/01/2022,272.690122
27/01/2022,263.939651
28/01/2022,261.152675
29/01/2022,237.955170
30/01/2022,218.716608
31/01/2022,231.008097
01/02/2022,239.501756
02/02/2022,213.266118
03/02/2022,213.619662
04/02/2022,228.214907
05/02/2022,224.270478
06/02/2022,205.622500
07/02/2022,204.424600
08/02/2022,205.290395
09/02/2022,220.210395
10/02/2022,213.644531
11/02/2022,219.700935
12/02/2022,191.492985
13/02/2022,197.219968
14/02/2022,210.211389
15/02/2022,210.201465
16/02/2022,221.780561
17/02/2022,182.678526
18/02/2022,201.370544
19/02/2022,178.560195
20/02/2022,182.485833
21/02/2022,185.021881
22/02/2022,184.804934
23/02/2022,191.481452
24/02/2022,218.182491
25/02/2022,284.290595
26/02/2022,250.205706
27/02/2022,202.540471
28/02/2022,247.035474
01/03/2022,271.131057
02/03/2022,274.628241
03/03/2022,362.728580
04/03/2022,383.132318
05/03/2022,363.084502
06/03/2022,377.752452
07/03/2022,453.508015
08/03/2022,587.668625
09/03/2022,463.008375
10/03/2022,388.229561
11/03/2022,371.492172
12/03/2022,281.106722
13/03/2022,307.069135
14/03/2022,323.278267
15/03/2022,301.150816
16/03/2022,281.106607
17/03/2022,261.731871
18/03/2022,247.216299
19/03/2022,253.482401
20/03/2022,228.068320
21/03/2022,243.930720
22/03/2022,242.278371
23/03/2022,238.602280
24/03/2022,244.518098
25/03/2022,275.981796
26/03/2022,235.289185
27/03/2022,206.831856
28/03/2022,251.747732
29/03/2022,249.443186
30/03/2022,294.816700
31/03/2022,281.899331
01/04/2022,306.954062
02/04/2022,278.485226
03/04/2022,277.502232
04/04/2022,348.914861
05/04/2022,296.743917
06/04/2022,283.310252
07/04/2022,240.002595
08/04/2022,269.517312
09/04/2022,235.324707
10/04/2022,195.846222
11/04/2022,238.189521
12/04/2022,267.284342
13/04/2022,246.032640
14/04/2022,243.485662
15/04/2022,245.348557
16/04/2022,194.138909
17/04/2022,172.324364
18/04/2022,175.927189
19/04/2022,233.784670
20/04/2022,238.502790
21/04/2022,245.233290
22/04/2022,231.907126
23/04/2022,258.374860
24/04/2022,206.199147
25/04/2022,260.961640
26/04/2022,251.922286
27/04/2022,239.521619
28/04/2022,242.771456
29/04/2022,244.025535
30/04/2022,210.705798
01/05/2022,208.746315
02/05/2022,228.240917
03/05/2022,255.802927
04/05/2022,248.659803
05/05/2022,262.329301
06/05/2022,271.169698
07/05/2022,217.803802
08/05/2022,208.854344
09/05/2022,255.516117
10/05/2022,237.162595
11/05/2022,237.403592
12/05/2022,228.399828
13/05/2022,252.248825
14/05/2022,217.092257
15/05/2022,217.559262
16/05/2022,237.885671
17/05/2022,236.825088
18/05/2022,230.569891
19/05/2022,247.439044
20/05/2022,246.457430
21/05/2022,213.112200
22/05/2022,192.466742
23/05/2022,221.405304
24/05/2022,227.690128
25/05/2022,214.647901
26/05/2022,222.663679
27/05/2022,244.503170
28/05/2022,202.213525
29/05/2022,187.768320
30/05/2022,225.528063
31/05/2022,233.577870
01/06/2022,241.570426
02/06/2022,213.495357
03/06/2022,266.929620
04/06/2022,209.735401
05/06/2022,202.335000
06/06/2022,247.526817
07/06/2022,229.691804
08/06/2022,196.824410
09/06/2022,211.384092
10/06/2022,203.564772
11/06/2022,189.324977
12/06/2022,165.602925
13/06/2022,210.104945
14/06/2022,218.380347
15/06/2022,249.953497
16/06/2022,276.738912
17/06/2022,327.488234
18/06/2022,294.756018
19/06/2022,256.375833
20/06/2022,308.886310
21/06/2022,342.524728
22/06/2022,368.065423
23/06/2022,363.663407
24/06/2022,318.342158
25/06/2022,305.147500
26/06/2022,286.148610
27/06/2022,347.720067
28/06/2022,386.459627
29/06/2022,335.947094
30/06/2022,364.651998
01/07/2022,370.683085
02/07/2022,355.801250
03/07/2022,373.084709
04/07/2022,390.596198
05/07/2022,418.680273
06/07/2022,428.804050
07/07/2022,412.902011
08/07/2022,422.058887
09/07/2022,369.902450
10/07/2022,323.983260
11/07/2022,414.329602
12/07/2022,435.056250
13/07/2022,438.856543
14/07/2022,446.146449
15/07/2022,438.609221
16/07/2022,425.149166
17/07/2022,362.337860
18/07/2022,462.879979
19/07/2022,495.630717
20/07/2022,540.257200
21/07/2022,547.936826
22/07/2022,519.050586
23/07/2022,458.191666
24/07/2022,362.647940
25/07/2022,527.957973
26/07/2022,521.041445
27/07/2022,526.210480
28/07/2022,564.157247
29/07/2022,516.079182
30/07/2022,436.267133
31/07/2022,385.711528
01/08/2022,464.170762
02/08/2022,483.106675
03/08/2022,515.888783
04/08/2022,538.231949
05/08/2022,532.092917
06/08/2022,535.489166
07/08/2022,459.706250
08/08/2022,477.103333
09/08/2022,474.395000
10/08/2022,432.575833
11/08/2022,486.407916
12/08/2022,485.322705
13/08/2022,446.849368
14/08/2022,402.704624
15/08/2022,463.044517
16/08/2022,503.873106
17/08/2022,537.989460
18/08/2022,549.064937
19/08/2022,501.336880
20/08/2022,507.792531
21/08/2022,453.495186
22/08/2022,567.384100
23/08/2022,605.229047
24/08/2022,637.760617
25/08/2022,614.759812
26/08/2022,718.712219
27/08/2022,713.691592
28/08/2022,670.730652
29/08/2022,740.091314
30/08/2022,706.416130
31/08/2022,612.358825
01/09/2022,661.359467
02/09/2022,524.339785
03/09/2022,476.069921
04/09/2022,395.226409
05/09/2022,464.109202
06/09/2022,550.973647
07/09/2022,483.262809
08/09/2022,504.741318
09/09/2022,444.296242
10/09/2022,425.402927
11/09/2022,405.203795
12/09/2022,451.314645
13/09/2022,456.938318
14/09/2022,464.841981
15/09/2022,447.801394
16/09/2022,484.802823
17/09/2022,358.105280
18/09/2022,304.222149
19/09/2022,370.807114
20/09/2022,393.129432
21/09/2022,395.119618
22/09/2022,416.127902
23/09/2022,424.689376
24/09/2022,371.045602
25/09/2022,323.938466
26/09/2022,345.455026
27/09/2022,373.789474
28/09/2022,359.329518
29/09/2022,436.072866
30/09/2022,385.091824
01/10/2022,248.306267
02/10/2022,200.999023
03/10/2022,346.726369
04/10/2022,350.462189
05/10/2022,292.736489
06/10/2022,251.119040
07/10/2022,272.598552
08/10/2022,293.107492
09/10/2022,208.064651
10/10/2022,281.585143
11/10/2022,284.261393
12/10/2022,289.385392
13/10/2022,273.846072
14/10/2022,263.592920
15/10/2022,214.024282
16/10/2022,184.477193
17/10/2022,216.380877
18/10/2022,215.258957
19/10/2022,175.772531
20/10/2022,201.367528
21/10/2022,197.345987
22/10/2022,142.101805
23/10/2022,103.852637
24/10/2022,136.940095
25/10/2022,134.217752
26/10/2022,128.402830
27/10/2022,161.805988
28/10/2022,134.910824
29/10/2022,100.584333
30/10/2022,112.059048
31/10/2022,144.268441
01/11/2022,108.694054
02/11/2022,122.523207
03/11/2022,132.124357
04/11/2022,190.951952
05/11/2022,137.825862
06/11/2022,122.906986
07/11/2022,185.805715
08/11/2022,163.829127
09/11/2022,209.878032
10/11/2022,261.715508
11/11/2022,212.786383
12/11/2022,180.263552
13/11/2022,171.361700
14/11/2022,214.004917
15/11/2022,253.020991
16/11/2022,260.746944
17/11/2022,256.610469
18/11/2022,249.143783
19/11/2022,221.332179
20/11/2022,211.110848
21/11/2022,249.175866
22/11/2022,229.182190
23/11/2022,236.537755
24/11/2022,301.673970
25/11/2022,293.885037
26/11/2022,261.567192
27/11/2022,211.926862
28/11/2022,332.583748
29/11/2022,369.322460
30/11/2022,382.855926
01/12/2022,384.275390
02/12/2022,382.674860
03/12/2022,310.417807
04/12/2022,306.642378
05/12/2022,366.620057
06/12/2022,401.272269
07/12/2022,380.276247
08/12/2022,363.269600
09/12/2022,388.124805
10/12/2022,347.433530
11/12/2022,297.164341
12/12/2022,422.951526
13/12/2022,422.840072
14/12/2022,416.033237
15/12/2022,375.587844
16/12/2022,367.636471
17/12/2022,280.698808
18/12/2022,247.322647
19/12/2022,235.288739
20/12/2022,271.568016
21/12/2022,256.270223
22/12/2022,240.303232
23/12/2022,203.563699
24/12/2022,142.059325
25/12/2022,166.173344
26/12/2022,172.305936
27/12/2022,208.326463
28/12/2022,175.791665
29/12/2022,205.406250
30/12/2022,179.507916
31/12/2022,224.324583
01/01/2023,193.144583
02/01/2023,202.039743
03/01/2023,174.743910
04/01/2023,171.610325
05/01/2023,182.795000
06/01/2023,174.219166
07/01/2023,192.758727
08/01/2023,164.281631
09/01/2023,157.638622
10/01/2023,159.932135
11/01/2023,180.245506
12/01/2023,178.726611
13/01/2023,195.323447
14/01/2023,161.529503
15/01/2023,145.476627
16/01/2023,151.118892
17/01/2023,169.151782
18/01/2023,149.381060
19/01/2023,179.351114
20/01/2023,185.466148
21/01/2023,154.390197
22/01/2023,185.404920
23/01/2023,204.114147
24/01/2023,202.066707
25/01/2023,187.390102
26/01/2023,174.265212
27/01/2023,171.493317
28/01/2023,163.894366
29/01/2023,155.825571
30/01/2023,179.474197
31/01/2023,161.941254
01/02/2023,163.576745
02/02/2023,179.741528
03/02/2023,169.610285
04/02/2023,155.490690
05/02/2023,140.311451
06/02/2023,173.222912
07/02/2023,178.264533
08/02/2023,170.347097
09/02/2023,179.589440
10/02/2023,168.191538
11/02/2023,171.623017
12/02/2023,150.756903
13/02/2023,168.777972
14/02/2023,161.097538
15/02/2023,165.865996
16/02/2023,163.613171
17/02/2023,165.670521
18/02/2023,139.697002
19/02/2023,134.898247
20/02/2023,159.724130
21/02/2023,159.854962
22/02/2023,162.278267
23/02/2023,156.370054
24/02/2023,164.002207
25/02/2023,145.946394
26/02/2023,125.541813
27/02/2023,173.200090
28/02/2023,162.731025
01/03/2023,167.975565
02/03/2023,167.949697
03/03/2023,165.883170
04/03/2023,143.964970
05/03/2023,140.753145
06/03/2023,147.151305
07/03/2023,152.234350
08/03/2023,135.901827
09/03/2023,133.239567
10/03/2023,125.475692
11/03/2023,123.339054
12/03/2023,122.751997
13/03/2023,145.398930
14/03/2023,131.438197
15/03/2023,140.804070
16/03/2023,129.170211
17/03/2023,127.008746
18/03/2023,133.746642
19/03/2023,123.741420
20/03/2023,137.405274
21/03/2023,133.893545
22/03/2023,132.737464
23/03/2023,142.506305
24/03/2023,130.870165
25/03/2023,101.319560
26/03/2023,108.432578
27/03/2023,138.225695
28/03/2023,120.341984
29/03/2023,136.505040
30/03/2023,155.416175
31/03/2023,131.150409
01/04/2023,109.802471
02/04/2023,136.800833
03/04/2023,141.511224
04/04/2023,147.351267
05/04/2023,171.615055
06/04/2023,152.469774
07/04/2023,148.862291
08/04/2023,132.176450
09/04/2023,161.520021
10/04/2023,101.290472
11/04/2023,134.996405
12/04/2023,153.963147
13/04/2023,145.317362
14/04/2023,146.175006
15/04/2023,132.231957
16/04/2023,127.505478
17/04/2023,144.476586
18/04/2023,145.000416
19/04/2023,143.202002
20/04/2023,148.957793
21/04/2023,144.019848
22/04/2023,120.971603
23/04/2023,122.606666
24/04/2023,114.397894
25/04/2023,107.118208
26/04/2023,120.421280
27/04/2023,129.729583
28/04/2023,133.713820
29/04/2023,118.236965
30/04/2023,112.704810
01/05/2023,112.638693
02/05/2023,123.970014
03/05/2023,124.016892
04/05/2023,117.636836
05/05/2023,118.343081
06/05/2023,105.114140
07/05/2023,91.268469
08/05/2023,132.266122
09/05/2023,134.679169
10/05/2023,126.483975
11/05/2023,120.915641
12/05/2023,114.798387
13/05/2023,110.705219
14/05/2023,95.686535
15/05/2023,111.347803
16/05/2023,103.999484
17/05/2023,114.298064
18/05/2023,111.378160
19/05/2023,114.494441
20/05/2023,102.561649
21/05/2023,64.400600
22/05/2023,106.246677
23/05/2023,108.768455
24/05/2023,107.948511
25/05/2023,101.539923
26/05/2023,92.608980
27/05/2023,71.659929
28/05/2023,64.291245
29/05/2023,86.157990
30/05/2023,94.375037
31/05/2023,92.967773
01/06/2023,95.501035
02/06/2023,81.916268
03/06/2023,75.275127
04/06/2023,60.752939
05/06/2023,96.146437
06/06/2023,90.301930
07/06/2023,94.257532
08/06/2023,90.179418
09/06/2023,91.995581
10/06/2023,99.035802
11/06/2023,94.396646
12/06/2023,101.995626
13/06/2023,105.927330
14/06/2023,108.391490
15/06/2023,112.374922
16/06/2023,121.316655
17/06/2023,106.223016
18/06/2023,103.314276
19/06/2023,124.942579
20/06/2023,119.286978
21/06/2023,129.480223
22/06/2023,129.137271
23/06/2023,120.838689
24/06/2023,113.055495
25/06/2023,97.313223
26/06/2023,116.290993
27/06/2023,119.519318
28/06/2023,120.164757
29/06/2023,121.215119
30/06/2023,119.688340
01/07/2023,102.820357
02/07/2023,110.379509
03/07/2023,115.750912
04/07/2023,134.766538
05/07/2023,115.863889
06/07/2023,116.345512
07/07/2023,121.299685
08/07/2023,106.407327
09/07/2023,105.148177
10/07/2023,127.279948
11/07/2023,123.631511
12/07/2023,119.583568
13/07/2023,112.164760
14/07/2023,102.295734
15/07/2023,103.894870
16/07/2023,109.040641
17/07/2023,117.259300
18/07/2023,120.250817
19/07/2023,128.815225
20/07/2023,119.758264
21/07/2023,114.052769
22/07/2023,107.273531
23/07/2023,106.734012
24/07/2023,116.191008
25/07/2023,117.400809
26/07/2023,103.879377
27/07/2023,112.773836
28/07/2023,107.998955
29/07/2023,95.351256
30/07/2023,80.617895
31/07/2023,99.761512
01/08/2023,100.644640
02/08/2023,107.993881
03/08/2023,111.663341
04/08/2023,106.751843
05/08/2023,98.943846
06/08/2023,81.736090
07/08/2023,92.940689
08/08/2023,84.809155
09/08/2023,99.486914
10/08/2023,98.652575
11/08/2023,107.601214
12/08/2023,89.484244
13/08/2023,101.213651
14/08/2023,105.781051
15/08/2023,105.885462
16/08/2023,109.693628
17/08/2023,111.664895
18/08/2023,112.069768
19/08/2023,101.245275
20/08/2023,95.423367
21/08/2023,119.396191
22/08/2023,138.421737
23/08/2023,156.949550
24/08/2023,163.109576
25/08/2023,143.118876
26/08/2023,124.681017
27/08/2023,117.981491
28/08/2023,120.360033
29/08/2023,124.970580
30/08/2023,111.055388
31/08/2023,124.840811
01/09/2023,118.242953
02/09/2023,96.399788
03/09/2023,93.562362
04/09/2023,103.568572
05/09/2023,104.347275
06/09/2023,106.936494
07/09/2023,110.883674
08/09/2023,111.652080
09/09/2023,101.067615
10/09/2023,108.330043
11/09/2023,126.495174
12/09/2023,126.033779
13/09/2023,128.174005
14/09/2023,128.173205
15/09/2023,130.622195
16/09/2023,119.938862
17/09/2023,109.372834
18/09/2023,122.677562
19/09/2023,124.622993
20/09/2023,127.284546
21/09/2023,118.662909
22/09/2023,123.055159
23/09/2023,115.209795
24/09/2023,96.354037
25/09/2023,113.615127
26/09/2023,121.285592
27/09/2023,128.382848
28/09/2023,113.492587
29/09/2023,130.377749
30/09/2023,112.082500
01/10/2023,94.264850
02/10/2023,119.504151
03/10/2023,137.082326
04/10/2023,118.019725
05/10/2023,114.793471
06/10/2023,130.390305
07/10/2023,124.533206
08/10/2023,101.213430
09/10/2023,128.919475
10/10/2023,140.426716
11/10/2023,150.606602
12/10/2023,147.066126
13/10/2023,157.609512
14/10/2023,153.324166
15/10/2023,139.172261
16/10/2023,175.761822
17/10/2023,161.090262
18/10/2023,151.669540
19/10/2023,152.272274
20/10/2023,138.010705
21/10/2023,136.626666
22/10/2023,129.195591
23/10/2023,144.637445
24/10/2023,142.176946
25/10/2023,134.408099
26/10/2023,143.458101
27/10/2023,124.261864
28/10/2023,107.312983
29/10/2023,121.386408
30/10/2023,120.946310
31/10/2023,122.308777
01/11/2023,98.040002
02/11/2023,111.053612
03/11/2023,77.157942
04/11/2023,74.511544
05/11/2023,66.037720
06/11/2023,103.238754
07/11/2023,124.110157
08/11/2023,133.230742
09/11/2023,136.178111
10/11/2023,125.945416
11/11/2023,105.527525
12/11/2023,122.559550
13/11/2023,127.101041
14/11/2023,125.837606
15/11/2023,120.950973
16/11/2023,137.232029
17/11/2023,124.971525
18/11/2023,128.713909
19/11/2023,122.336190
20/11/2023,134.439777
21/11/2023,128.451134
22/11/2023,134.923750
23/11/2023,132.931666
24/11/2023,132.690416
25/11/2023,122.680695
26/11/2023,135.152916
27/11/2023,136.803882
28/11/2023,130.220653
29/11/2023,143.701582
30/11/2023,155.348916
01/12/2023,143.105666
02/12/2023,114.739296
03/12/2023,114.392851
04/12/2023,135.983509
05/12/2023,133.389723
06/12/2023,130.803320
07/12/2023,121.958442
08/12/2023,119.686072
09/12/2023,118.295416
10/12/2023,102.335950
11/12/2023,121.101250
12/12/2023,119.447241
13/12/2023,110.215747
14/12/2023,119.466250
15/12/2023,105.967993
16/12/2023,89.036270
17/12/2023,105.740838
18/12/2023,109.248236
19/12/2023,107.780876
20/12/2023,119.992083
21/12/2023,104.242570
22/12/2023,101.346062
23/12/2023,101.467055
24/12/2023,116.328572
25/12/2023,116.013333
26/12/2023,117.265000
27/12/2023,133.917083
28/12/2023,101.217962
29/12/2023,121.600261
30/12/2023,111.061273
31/12/2023,112.136641
01/01/2024,105.714583
02/01/2024,107.297500
03/01/2024,94.006008
04/01/2024,91.171742
05/01/2024,104.054390
06/01/2024,100.735416
07/01/2024,97.112140
08/01/2024,108.112292
09/01/2024,108.683182
10/01/2024,113.258640
11/01/2024,108.335659
12/01/2024,110.111147
13/01/2024,99.790939
14/01/2024,104.187083
15/01/2024,100.955664
16/01/2024,107.472311
17/01/2024,101.776430
18/01/2024,97.411550
19/01/2024,92.585191
20/01/2024,89.570000
21/01/2024,83.366060
22/01/2024,102.116257
23/01/2024,90.414812
24/01/2024,96.378015
25/01/2024,94.805620
26/01/2024,101.604081
27/01/2024,92.053750
28/01/2024,76.640947
29/01/2024,95.133466
30/01/2024,98.937642
31/01/2024,100.078322
01/02/2024,99.730839
02/02/2024,104.814730
03/02/2024,89.251541
04/02/2024,81.802916
05/02/2024,94.568044
06/02/2024,95.924783
07/02/2024,106.875757
08/02/2024,93.922512
09/02/2024,91.728159
10/02/2024,82.866787
11/02/2024,68.734004
12/02/2024,93.065880
13/02/2024,89.152689
14/02/2024,86.089979
15/02/2024,91.840969
16/02/2024,90.197290
17/02/2024,87.168906
18/02/2024,83.752721
19/02/2024,90.576250
20/02/2024,84.510257
21/02/2024,83.424929
22/02/2024,90.258887
23/02/2024,78.701410
24/02/2024,74.480450
25/02/2024,72.239705
26/02/2024,81.189874
27/02/2024,84.590345
28/02/2024,84.533479
29/02/2024,85.158273
01/03/2024,94.701250
02/03/2024,84.466567
03/03/2024,74.126380
04/03/2024,89.131467
05/03/2024,88.400647
06/03/2024,92.524651
07/03/2024,95.626139
08/03/2024,99.144893
09/03/2024,91.444583
10/03/2024,77.277139
11/03/2024,95.958962
12/03/2024,87.401359
13/03/2024,91.456666
14/03/2024,95.597867
15/03/2024,89.768558
16/03/2024,81.044712
17/03/2024,76.372415
18/03/2024,92.460559
19/03/2024,93.658280
20/03/2024,100.295466
21/03/2024,95.754261
22/03/2024,94.445039
23/03/2024,80.828750
24/03/2024,55.659818
25/03/2024,98.842083
26/03/2024,98.786396
27/03/2024,96.645401
28/03/2024,88.951588
29/03/2024,91.328996
30/03/2024,76.771335
31/03/2024,85.723001
01/04/2024,68.078079
02/04/2024,76.543454
03/04/2024,95.972658
04/04/2024,77.906194
05/04/2024,78.842994
06/04/2024,72.413369
07/04/2024,60.672083
08/04/2024,78.077575
09/04/2024,79.202842
10/04/2024,86.889508
11/04/2024,78.918375
12/04/2024,75.135610
13/04/2024,68.611265
14/04/2024,74.862098
15/04/2024,92.879048
16/04/2024,76.113722
17/04/2024,104.509312
18/04/2024,108.310107
19/04/2024,90.674457
20/04/2024,89.006787
21/04/2024,79.670352
22/04/2024,111.010203
23/04/2024,105.329967
24/04/2024,100.232342
25/04/2024,98.192791
26/04/2024,119.355000
27/04/2024,98.501435
28/04/2024,85.448051
29/04/2024,88.015725
30/04/2024,84.715816
01/05/2024,89.312727
02/05/2024,92.326325
03/05/2024,80.153855
04/05/2024,78.407018
05/05/2024,66.894506
06/05/2024,103.170689
07/05/2024,108.618878
08/05/2024,100.006540
09/05/2024,91.557916
10/05/2024,82.125823
11/05/2024,79.568377
12/05/2024,70.980989
13/05/2024,93.874405
14/05/2024,102.962445
15/05/2024,102.251237
16/05/2024,98.811454
17/05/2024,94.178193
18/05/2024,92.559339
19/05/2024,88.209825
20/05/2024,99.537563
21/05/2024,94.160623
22/05/2024,94.401150
23/05/2024,102.378263
24/05/2024,108.381447
25/05/2024,102.476352
26/05/2024,71.950760
27/05/2024,109.279309
28/05/2024,117.899806
29/05/2024,114.502805
30/05/2024,113.633824
31/05/2024,96.810395
01/06/2024,84.311167
02/06/2024,81.740212
03/06/2024,111.875766
04/06/2024,117.194437
05/06/2024,111.300868
06/06/2024,106.132692
07/06/2024,105.238717
08/06/2024,110.113562
09/06/2024,92.274490
10/06/2024,91.052119
11/06/2024,103.761666
12/06/2024,109.592807
13/06/2024,103.859666
14/06/2024,106.544117
15/06/2024,98.753459
16/06/2024,79.425905
17/06/2024,115.111331
18/06/2024,109.276250
19/06/2024,111.185145
20/06/2024,116.381708
21/06/2024,115.725920
22/06/2024,98.633447
23/06/2024,102.298052
24/06/2024,107.032673
25/06/2024,114.013933
26/06/2024,111.288690
27/06/2024,103.920444
28/06/2024,109.517932
29/06/2024,93.412644
30/06/2024,74.122305
01/07/2024,113.223105
02/07/2024,104.092073
03/07/2024,107.781239
04/07/2024,108.640977
05/07/2024,102.888595
06/07/2024,99.245328
07/07/2024,102.606144
08/07/2024,107.348500
09/07/2024,114.653302
10/07/2024,115.754880
11/07/2024,118.589247
12/07/2024,112.911360
13/07/2024,109.535790
14/07/2024,111.023061
15/07/2024,116.309905
16/07/2024,118.325070
17/07/2024,124.312813
18/07/2024,121.934852
19/07/2024,118.142294
20/07/2024,110.769860
21/07/2024,97.103387
22/07/2024,115.836895
23/07/2024,114.015019
24/07/2024,109.760770
25/07/2024,115.980430
26/07/2024,119.710087
27/07/2024,106.376074
28/07/2024,110.742496
29/07/2024,125.894711
30/07/2024,108.286704
31/07/2024,120.124346
01/08/2024,124.292148
02/08/2024,120.702814
03/08/2024,116.623121
04/08/2024,124.988151
05/08/2024,122.624340
06/08/2024,128.842257
07/08/2024,127.995805
08/08/2024,133.745923
09/08/2024,126.839123
10/08/2024,129.767348
11/08/2024,131.057370
12/08/2024,136.281968
13/08/2024,134.441263
14/08/2024,132.747240
15/08/2024,132.295232
16/08/2024,128.525647
17/08/2024,124.914595
18/08/2024,122.277101
19/08/2024,120.802164
20/08/2024,118.384893
21/08/2024,126.197181
22/08/2024,118.791391
23/08/2024,129.537359
24/08/2024,122.609167
25/08/2024,126.842038
26/08/2024,133.223178
27/08/2024,142.086232
28/08/2024,143.153165
29/08/2024,140.675170
30/08/2024,136.074845
31/08/2024,124.147132
01/09/2024,121.120262
02/09/2024,163.076904
03/09/2024,150.226847
04/09/2024,151.067897
05/09/2024,140.113262
06/09/2024,131.659875
07/09/2024,125.931334
08/09/2024,116.070889
09/09/2024,120.964743
10/09/2024,106.988523
11/09/2024,122.500657
12/09/2024,112.778536
13/09/2024,101.669198
14/09/2024,98.907603
15/09/2024,91.591417
16/09/2024,115.490029
17/09/2024,114.823411
18/09/2024,112.492473
19/09/2024,109.960626
20/09/2024,119.594180
21/09/2024,105.491422
22/09/2024,103.331641
23/09/2024,141.652155
24/09/2024,107.012078
25/09/2024,114.010677
26/09/2024,109.282469
27/09/2024,109.066310
28/09/2024,102.864181
29/09/2024,83.136607
30/09/2024,110.899079
01/10/2024,125.117645
02/10/2024,127.625782
03/10/2024,115.878730
04/10/2024,117.803396
05/10/2024,113.979309
06/10/2024,118.361563
07/10/2024,125.243841
08/10/2024,113.583823
09/10/2024,112.832282
10/10/2024,103.286783
11/10/2024,103.896615
12/10/2024,95.914472
13/10/2024,93.972585
14/10/2024,119.192107
15/10/2024,108.982861
16/10/2024,122.980292
17/10/2024,118.411181
18/10/2024,115.668440
19/10/2024,109.498660
20/10/2024,118.454176
21/10/2024,128.871547
22/10/2024,124.155062
23/10/2024,123.413728
24/10/2024,119.625918
25/10/2024,121.776013
26/10/2024,114.392892
27/10/2024,114.060054
28/10/2024,117.949774
29/10/2024,129.425697
30/10/2024,126.653477
31/10/2024,116.436213
01/11/2024,107.458997
02/11/2024,114.811075
03/11/2024,107.696922
04/11/2024,128.385950
05/11/2024,124.897887
06/11/2024,126.539732
07/11/2024,126.958081
08/11/2024,118.505450
09/11/2024,119.187940
10/11/2024,120.062170
11/11/2024,127.126835
12/11/2024,139.608710
13/11/2024,138.067563
14/11/2024,133.489097
15/11/2024,134.550334
16/11/2024,133.198947
17/11/2024,123.857666
18/11/2024,137.210192
19/11/2024,141.381389
20/11/2024,130.983648
21/11/2024,134.301060
22/11/2024,136.389945
23/11/2024,137.896267
24/11/2024,132.272329
25/11/2024,143.310619
26/11/2024,150.171880
27/11/2024,155.751948
28/11/2024,144.601669
29/11/2024,136.719070
30/11/2024,121.279654
01/12/2024,115.318871
02/12/2024,137.604689
03/12/2024,159.843624
04/12/2024,167.946253
05/12/2024,148.532533
06/12/2024,144.739709
07/12/2024,142.820896
08/12/2024,127.987757
09/12/2024,129.840673
10/12/2024,158.318915
11/12/2024,182.117511
12/12/2024,174.188461
13/12/2024,173.847205
14/12/2024,125.002226
15/12/2024,119.507930
16/12/2024,134.230220
17/12/2024,135.723492
18/12/2024,128.681053
19/12/2024,119.473547
20/12/2024,114.246255
21/12/2024,100.189081
22/12/2024,110.609515
23/12/2024,92.947171
24/12/2024,125.506626
25/12/2024,108.833918
26/12/2024,118.988127
27/12/2024,132.515388
28/12/2024,128.454438
29/12/2024,143.601494
30/12/2024,147.630065
31/12/2024,137.761532