Date,Demand,price_eur_mwh
2025-01-01,26541.3203125,133.2549591064453
2025-01-02,36384.68359375,136.10475158691406
2025-01-03,38271.52734375,138.35215759277344
2025-01-04,33998.35546875,132.82745361328125
2025-01-05,31362.9765625,139.48532104492188
2025-01-06,38315.7109375,154.3516387939453
2025-01-07,41052.171875,164.33316040039062
2025-01-08,40302.7265625,163.60691833496094
2025-01-09,39481.76953125,168.1082305908203
2025-01-10,39046.93359375,173.52210998535156
2025-01-11,33240.91796875,163.05059814453125
2025-01-12,30276.328125,170.33584594726562
2025-01-13,37917.890625,181.93565368652344
2025-01-14,38577.42578125,185.05322265625
2025-01-15,38410.8046875,194.6598663330078
2025-01-16,38207.2109375,198.30126953125
2025-01-17,38032.6015625,199.31460571289065
2025-01-18,33085.765625,178.69720458984375
2025-01-19,29932.98046875,176.99838256835938
2025-01-20,36699.87109375,188.62266540527344
2025-01-21,37436.703125,185.6551818847656
2025-01-22,37987.6015625,183.6094665527344
2025-01-23,37892.12890625,196.1927795410156
2025-01-24,37639.828125,184.0292510986328
2025-01-25,32523.984375,178.25265502929688
2025-01-26,29579.380859375,180.73764038085935
2025-01-27,36037.828125,190.9896697998047
2025-01-28,36850.11328125,198.1263732910156
2025-01-29,37355.1875,205.87022399902344
2025-01-30,37703.1796875,216.7563934326172
2025-01-31,37529.2109375,210.9584197998047
2025-02-01,32190.78125,201.80519104003903
2025-02-02,29251.2578125,189.07437133789065
2025-02-03,36141.109375,200.2657928466797
2025-02-04,36828.03125,215.35401916503903
2025-02-05,36778.68359375,225.3568420410156
2025-02-06,36529.140625,219.427978515625
2025-02-07,36607.2734375,220.4427032470703
2025-02-08,31669.126953125,210.7548370361328
2025-02-09,28396.12109375,199.1223907470703
2025-02-10,35891.57421875,220.92984008789065
2025-02-11,36332.1796875,220.3223419189453
2025-02-12,36243.3359375,220.9797821044922
2025-02-13,35967.3671875,222.18524169921875
2025-02-14,35756.65625,226.5562744140625
2025-02-15,30774.84765625,213.0382843017578
2025-02-16,27639.86328125,208.77371215820312
2025-02-17,34871.55078125,233.3832092285156
2025-02-18,35638.5859375,236.71145629882812
2025-02-19,35530.13671875,237.72593688964844
2025-02-20,35385.96484375,245.80569458007812
2025-02-21,35150.12890625,251.95962524414065
2025-02-22,30332.25,226.47264099121097
2025-02-23,27162.5234375,222.3207550048828
2025-02-24,34161.52734375,250.8526611328125
2025-02-25,34900.34765625,260.34539794921875
2025-02-26,34738.8046875,257.802978515625
2025-02-27,34523.44921875,257.87890625
2025-02-28,34191.79296875,271.1906433105469
2025-03-01,29993.755859375,238.2161865234375
2025-03-02,26763.103515625,217.69569396972656
2025-03-03,33839.03515625,267.05853271484375
2025-03-04,34809.47265625,275.9101257324219
2025-03-05,34547.00390625,286.3843688964844
2025-03-06,34252.26953125,300.3524169921875
2025-03-07,33869.65234375,319.0469970703125
2025-03-08,29751.708984375,306.4810791015625
2025-03-09,26436.236328125,319.05291748046875
2025-03-10,33742.8671875,329.0234680175781
2025-03-11,34628.40625,315.79681396484375
2025-03-12,34389.16796875,311.4267578125
2025-03-13,33995.1875,308.3736877441406
2025-03-14,33705.9375,298.7955627441406
2025-03-15,29332.3828125,281.57470703125
2025-03-16,26017.38671875,278.5846862792969
2025-03-17,33126.66796875,305.8755187988281
2025-03-18,34306.83984375,298.571533203125
2025-03-19,34138.484375,290.650146484375
2025-03-20,33758.88671875,285.2526550292969
2025-03-21,33175.33203125,289.1333312988281
2025-03-22,28362.5625,274.34417724609375
2025-03-23,25349.48828125,262.4856262207031
2025-03-24,31900.52734375,287.21429443359375
2025-03-25,33047.32421875,296.4849548339844
2025-03-26,33158.91015625,291.6065979003906
2025-03-27,32819.07421875,287.20074462890625
2025-03-28,32400.46484375,291.4090881347656
2025-03-29,27834.552734375,276.305419921875
2025-03-30,24872.69921875,262.28253173828125
2025-03-31,31676.470703125,291.09161376953125
2025-04-01,32873.2109375,294.8728942871094
2025-04-02,32941.90625,297.2185974121094
2025-04-03,32738.40625,293.2192687988281
2025-04-04,32516.48046875,289.1866455078125
2025-04-05,27778.51953125,259.3482971191406
2025-04-06,24689.21484375,234.4599151611328
2025-04-07,31554.8125,269.319091796875
2025-04-08,32969.6015625,273.476318359375
2025-04-09,33048.671875,269.7730407714844
2025-04-10,32868.5078125,267.00311279296875
2025-04-11,32683.392578125,255.7491455078125
2025-04-12,27958.72265625,226.09603881835935
2025-04-13,24710.763671875,214.46707153320312
2025-04-14,31547.150390625,258.8536376953125
2025-04-15,32933.17578125,255.07130432128903
2025-04-16,32885.890625,254.6157684326172
2025-04-17,32899.6953125,253.7799835205078
2025-04-18,32656.09375,246.58563232421875
2025-04-19,28073.23046875,212.9601898193359
2025-04-20,25128.818359375,203.33595275878903
2025-04-21,31843.98046875,236.41371154785156
2025-04-22,33018.625,237.2681884765625
2025-04-23,33151.59375,236.74972534179688
2025-04-24,32741.326171875,228.7842712402344
2025-04-25,32415.375,237.8347015380859
2025-04-26,27769.142578125,213.2295684814453
2025-04-27,25018.837890625,200.71632385253903
2025-04-28,31948.33984375,223.5836639404297
2025-04-29,33020.51953125,222.79342651367188
2025-04-30,33159.25,218.3439178466797
2025-05-01,32212.41796875,226.30789184570312
2025-05-02,32540.130859375,230.8490447998047
2025-05-03,28109.98046875,211.9712371826172
2025-05-04,25196.9375,208.41932678222656
2025-05-05,32233.25390625,218.25119018554688
2025-05-06,33405.55078125,231.3650665283203
2025-05-07,33530.10546875,228.8039398193359
2025-05-08,33106.70703125,222.57058715820312
2025-05-09,32714.8828125,222.87548828125
2025-05-10,28249.56640625,201.79844665527344
2025-05-11,25487.775390625,173.98477172851562
2025-05-12,32180.01953125,215.02151489257812
2025-05-13,33425.58203125,220.0514984130859
2025-05-14,33602.2109375,208.7624359130859
2025-05-15,32994.0234375,210.0661773681641
2025-05-16,32696.65234375,211.0450439453125
2025-05-17,28427.931640625,202.0054626464844
2025-05-18,25503.9296875,189.7372589111328
2025-05-19,32155.607421875,201.6123046875
2025-05-20,33406.97265625,215.0765686035156
2025-05-21,33441.44140625,231.5642547607422
2025-05-22,32988.671875,228.9182586669922
2025-05-23,32726.94140625,231.58433532714844
2025-05-24,28508.37890625,227.70509338378903
2025-05-25,25412.841796875,210.86309814453125
2025-05-26,32242.9921875,246.7578125
2025-05-27,33447.13671875,259.7401428222656
2025-05-28,33513.6171875,262.58367919921875
2025-05-29,32979.0546875,264.86529541015625
2025-05-30,32697.8671875,262.5693359375
2025-05-31,28249.212890625,231.88714599609375
2025-06-01,25029.6484375,220.62847900390625
2025-06-02,31335.5546875,270.6167907714844
2025-06-03,33092.96484375,283.69873046875
2025-06-04,33800.75390625,274.4897766113281
2025-06-05,33539.37109375,267.4364013671875
2025-06-06,33234.23046875,268.0836181640625
2025-06-07,28671.025390625,243.54637145996097
2025-06-08,25874.15625,223.12937927246097
2025-06-09,33998.7578125,254.14328002929688
2025-06-10,35275.265625,263.26446533203125
2025-06-11,35088.1328125,257.94744873046875
2025-06-12,34854.55078125,256.7445983886719
2025-06-13,34500.52734375,260.27874755859375
2025-06-14,29459.19140625,237.427978515625
2025-06-15,26471.0859375,227.9132080078125
2025-06-16,34538.69921875,270.6437072753906
2025-06-17,35641.62890625,279.3572082519531
2025-06-18,35723.35546875,293.44647216796875
2025-06-19,35463.67578125,286.9349060058594
2025-06-20,35125.609375,298.2194519042969
2025-06-21,29809.677734375,280.9607238769531
2025-06-22,26856.951171875,285.1485290527344
2025-06-23,34736.1015625,325.3824768066406
2025-06-24,36098.83984375,320.8810729980469
2025-06-25,36262.24609375,317.5431213378906
2025-06-26,35973.9296875,299.0107727050781
2025-06-27,35640.70703125,298.3575439453125
2025-06-28,30586.302734375,276.456298828125
2025-06-29,27036.482421875,260.1338195800781
2025-06-30,35517.63671875,294.5782775878906
2025-07-01,37302.58203125,302.8788757324219
2025-07-02,37530.0234375,307.4792785644531
2025-07-03,36936.09765625,287.6031494140625
2025-07-04,36325.2578125,299.2533874511719
2025-07-05,31052.892578125,278.8157958984375
2025-07-06,27551.30859375,286.7001037597656
2025-07-07,36229.9609375,320.8463439941406
2025-07-08,37716.78125,316.88885498046875
2025-07-09,37157.8046875,314.5889892578125
2025-07-10,36743.5859375,308.05157470703125
2025-07-11,36445.953125,308.0203552246094
2025-07-12,31627.4140625,291.8078308105469
2025-07-13,28067.310546875,289.1116943359375
2025-07-14,37030.125,316.3117370605469
2025-07-15,38144.45703125,308.0214538574219
2025-07-16,37589.484375,310.176025390625
2025-07-17,37090.94921875,282.5224914550781
2025-07-18,36829.359375,283.7659606933594
2025-07-19,31763.103515625,272.9700927734375
2025-07-20,28399.04296875,258.49798583984375
2025-07-21,37369.24609375,289.6769714355469
2025-07-22,38873.84765625,292.5599060058594
2025-07-23,38149.37109375,290.22528076171875
2025-07-24,37667.05078125,287.2400207519531
2025-07-25,37411.75,285.2639465332031
2025-07-26,31876.599609375,270.023193359375
2025-07-27,28613.0859375,261.8360595703125
2025-07-28,37608.2109375,289.42095947265625
2025-07-29,39085.8359375,303.0710754394531
2025-07-30,38426.6796875,288.92498779296875
2025-07-31,38083.37109375,288.6846618652344
2025-08-01,37219.59765625,282.21368408203125
2025-08-02,31918.984375,271.4618225097656
2025-08-03,28708.421875,257.6318054199219
2025-08-04,36515.125,287.4374084472656
2025-08-05,37066.0078125,293.1392822265625
2025-08-06,36138.33203125,288.6174011230469
2025-08-07,35441.28125,282.6889953613281
2025-08-08,34951.4765625,280.3105163574219
2025-08-09,30821.833984375,266.0924377441406
2025-08-10,27759.48046875,245.93418884277344
2025-08-11,34383.34375,281.1557922363281
2025-08-12,34865.79296875,285.9232177734375
2025-08-13,34948.33203125,283.10308837890625
2025-08-14,34509.52734375,277.4679870605469
2025-08-15,33989.49609375,281.4481201171875
2025-08-16,30108.869140625,264.1204833984375
2025-08-17,27344.798828125,247.0990295410156
2025-08-18,34211.8125,287.6164855957031
2025-08-19,35126.94921875,299.38690185546875
2025-08-20,35167.23046875,285.82958984375
2025-08-21,34884.30078125,283.26605224609375
2025-08-22,34556.66796875,279.67242431640625
2025-08-23,30237.52734375,262.89697265625
2025-08-24,27429.328125,247.1403656005859
2025-08-25,34984.5703125,287.5700988769531
2025-08-26,35959.03125,298.646240234375
2025-08-27,35962.99609375,285.720458984375
2025-08-28,35638.2890625,281.4344482421875
2025-08-29,34982.25,283.9863586425781
2025-08-30,30018.55859375,263.0224609375
2025-08-31,26965.23828125,247.3706512451172
2025-09-01,34510.8984375,287.95684814453125
2025-09-02,35687.72265625,299.03302001953125
2025-09-03,35153.2578125,286.0905456542969
2025-09-04,34838.05859375,281.7371520996094
2025-09-05,34419.1640625,279.6151428222656
2025-09-06,29768.40234375,263.8990478515625
2025-09-07,26502.169921875,247.07827758789065
2025-09-08,33890.88671875,288.6049499511719
2025-09-09,34901.02734375,301.6522521972656
2025-09-10,34679.37890625,285.4072265625
2025-09-11,34408.6875,283.64013671875
2025-09-12,34090.625,286.3844299316406
2025-09-13,29336.705078125,267.961181640625
2025-09-14,26176.5859375,268.471923828125
2025-09-15,33663.12109375,306.1015930175781
2025-09-16,34572.2890625,312.642822265625
2025-09-17,34385.734375,287.1229553222656
2025-09-18,34042.02734375,285.8753662109375
2025-09-19,33820.16015625,285.8843078613281
2025-09-20,28901.00390625,269.8922119140625
2025-09-21,25857.54296875,259.1090087890625
2025-09-22,33094.28125,293.59918212890625
2025-09-23,34144.125,304.6378479003906
2025-09-24,33836.50390625,287.56658935546875
2025-09-25,33677.05078125,286.40008544921875
2025-09-26,33409.625,286.5301818847656
2025-09-27,28532.4921875,270.5380859375
2025-09-28,25562.998046875,261.42059326171875
2025-09-29,32095.384765625,295.4900817871094
2025-09-30,33599.5703125,309.5021667480469
2025-10-01,33509.54296875,288.3132019042969
2025-10-02,33423.97265625,287.4590148925781
2025-10-03,33189.609375,285.9696350097656
2025-10-04,28706.248046875,269.7025451660156
2025-10-05,25698.06640625,260.2048034667969
2025-10-06,33046.28125,295.7949523925781
2025-10-07,34020.78125,306.8537902832031
2025-10-08,33872.74609375,284.4783020019531
2025-10-09,33571.0859375,283.3308410644531
2025-10-10,33234.5078125,282.84423828125
2025-10-11,28469.412109375,269.3760681152344
2025-10-12,25583.849609375,259.2981872558594
2025-10-13,32053.49609375,291.7331237792969
2025-10-14,33594.48046875,301.6868591308594
2025-10-15,33574.546875,284.81280517578125
2025-10-16,33353.1015625,279.9532470703125
2025-10-17,33067.109375,281.5302429199219
2025-10-18,28690.18359375,270.7466125488281
2025-10-19,25656.953125,260.6686706542969
2025-10-20,33086.5078125,291.9364013671875
2025-10-21,34127.265625,302.2997131347656
2025-10-22,33873.3828125,284.1922302246094
2025-10-23,33589.28515625,286.20025634765625
2025-10-24,33218.65625,280.49090576171875
2025-10-25,28424.24609375,268.580078125
2025-10-26,25456.5859375,258.46875
2025-10-27,31934.40234375,291.144775390625
2025-10-28,33136.3828125,301.64227294921875
2025-10-29,33486.73046875,283.5347900390625
2025-10-30,33276.0625,277.7179870605469
2025-10-31,32553.646484375,279.9139404296875
2025-11-01,25958.681640625,266.7391662597656
2025-11-02,24237.16796875,245.9727478027344
2025-11-03,31955.0546875,283.4783630371094
2025-11-04,33590.171875,297.24896240234375
2025-11-05,33541.40234375,284.8050537109375
2025-11-06,33239.57421875,282.43865966796875
2025-11-07,33090.9140625,285.57476806640625
2025-11-08,27915.35546875,260.1934814453125
2025-11-09,24903.541015625,248.17095947265625
2025-11-10,32032.33984375,288.6518249511719
2025-11-11,33483.41796875,298.468017578125
2025-11-12,33399.8828125,285.6763916015625
2025-11-13,33100.74609375,281.1971435546875
2025-11-14,32824.26953125,280.9676513671875
2025-11-15,28295.470703125,264.5440368652344
2025-11-16,25551.376953125,248.68470764160156
2025-11-17,32488.658203125,289.96697998046875
2025-11-18,33881.38671875,298.7132263183594
2025-11-19,33737.0078125,286.325927734375
2025-11-20,33470.91015625,281.5599365234375
2025-11-21,33436.4453125,280.847412109375
2025-11-22,28779.646484375,261.190185546875
2025-11-23,26527.74609375,248.25503540039065
2025-11-24,33539.84375,290.04840087890625
2025-11-25,34613.64453125,298.8318176269531
2025-11-26,34529.01171875,286.2098083496094
2025-11-27,34421.8046875,280.55194091796875
2025-11-28,33979.75390625,280.8700866699219
2025-11-29,29100.45703125,261.2491760253906
2025-11-30,26611.138671875,248.8410186767578
2025-12-01,34310.41015625,290.1492004394531
2025-12-02,35111.03515625,301.0805969238281
2025-12-03,34540.20703125,287.6807861328125
2025-12-04,33858.64453125,276.74310302734375
2025-12-05,33583.03515625,277.32501220703125
2025-12-06,28806.01171875,258.6853332519531
2025-12-07,25955.1015625,245.42919921875
2025-12-08,32942.8671875,281.4867248535156
2025-12-09,33796.05078125,300.9488830566406
2025-12-10,34351.9609375,287.29656982421875
2025-12-11,33699.20703125,283.68255615234375
2025-12-12,33342.3125,286.341552734375
2025-12-13,28875.654296875,262.0156555175781
2025-12-14,26801.720703125,251.5190887451172
2025-12-15,34027.6875,281.3378601074219
2025-12-16,35046.515625,298.646240234375
2025-12-17,34496.08203125,282.1069641113281
2025-12-18,33580.015625,275.17626953125
2025-12-19,33117.08984375,273.29913330078125
2025-12-20,28414.609375,253.5088653564453
2025-12-21,25794.5703125,240.5598907470703
2025-12-22,32208.791015625,272.23297119140625
2025-12-23,31645.658203125,271.7861328125
2025-12-24,30575.224609375,252.9732360839844
2025-12-25,29995.12109375,237.7614593505859
2025-12-26,29739.69140625,247.36135864257812
2025-12-27,26771.240234375,214.99412536621097
2025-12-28,24356.46875,207.86203002929688
2025-12-29,29347.06640625,230.2671813964844
2025-12-30,30309.71484375,220.03672790527344
2025-12-31,30797.310546875,212.74417114257812
2026-01-01,31099.302734375,214.62088012695312
2026-01-02,31129.66015625,225.64955139160156
2026-01-03,27955.06640625,214.6219482421875
2026-01-04,25180.580078125,210.73089599609375
2026-01-05,30498.380859375,223.54701232910156
2026-01-06,31290.955078125,233.62063598632812
2026-01-07,32550.048828125,237.9209747314453
2026-01-08,33112.421875,233.6725311279297
2026-01-09,33278.609375,231.5256195068359
2026-01-10,29440.4765625,218.908935546875
2026-01-11,26655.591796875,212.6449432373047
2026-01-12,35140.96484375,234.4751434326172
2026-01-13,36206.234375,230.7122344970703
2026-01-14,36084.0859375,232.2072906494141
2026-01-15,35927.109375,230.1426544189453
2026-01-16,35654.47265625,235.8773498535156
2026-01-17,30088.955078125,213.5276031494141
2026-01-18,26991.185546875,206.9000701904297
2026-01-19,34978.6484375,234.10435485839844
2026-01-20,36244.0,233.4938201904297
2026-01-21,36219.03515625,225.89352416992188
2026-01-22,36030.2734375,227.3775329589844
2026-01-23,35837.0703125,238.42916870117188
2026-01-24,30724.7578125,223.16297912597656
2026-01-25,27276.21484375,211.2639617919922
2026-01-26,34916.64453125,235.72799682617188
2026-01-27,36255.84375,235.22312927246097
2026-01-28,36127.453125,236.1967010498047
2026-01-29,35974.88671875,231.2365570068359
2026-01-30,35728.22265625,231.64260864257812
2026-01-31,30472.8046875,210.3809814453125
2026-02-01,27451.189453125,200.70603942871097
2026-02-02,35328.4140625,225.52406311035156
2026-02-03,36360.01953125,227.55490112304688
2026-02-04,36057.27734375,220.2244415283203
2026-02-05,35826.59375,213.82618713378903
2026-02-06,35345.69921875,217.32618713378903
2026-02-07,30648.017578125,204.34115600585935
2026-02-08,27582.025390625,195.6780242919922
2026-02-09,35139.07421875,208.24375915527344
2026-02-10,36156.59375,210.365966796875
2026-02-11,35921.453125,212.1123809814453
2026-02-12,35746.26171875,209.00079345703125
2026-02-13,35133.77734375,214.3794403076172
2026-02-14,30264.349609375,206.1807861328125
2026-02-15,26936.087890625,194.91262817382812
2026-02-16,34810.51171875,206.20130920410156
2026-02-17,35927.65234375,202.91876220703125
2026-02-18,35832.4609375,194.951416015625
2026-02-19,35440.83984375,205.60369873046875
2026-02-20,34974.4765625,207.67041015625
2026-02-21,29796.650390625,203.42935180664065
2026-02-22,26302.9296875,190.6151885986328
2026-02-23,34171.75390625,206.98468017578125
2026-02-24,35387.46484375,225.0291290283203
2026-02-25,35313.4921875,232.65093994140625
2026-02-26,34761.77734375,242.7321014404297
2026-02-27,34188.85546875,264.8025207519531
2026-02-28,29219.826171875,231.7312469482422
2026-03-01,25844.0078125,218.15719604492188
2026-03-02,33787.234375,262.8729248046875
2026-03-03,34688.52734375,274.5078430175781
2026-03-04,34440.05078125,299.2394104003906
2026-03-05,34015.828125,311.4956359863281
2026-03-06,33546.7890625,336.56793212890625
2026-03-07,28511.712890625,340.397216796875
2026-03-08,25350.751953125,355.5068054199219
2026-03-09,32073.314453125,388.2405395507813
2026-03-10,33537.359375,445.33941650390625
2026-03-11,33356.5390625,441.7497253417969
2026-03-12,33210.7109375,438.1451110839844
2026-03-13,32780.2578125,368.5387268066406
2026-03-14,28268.21484375,300.15057373046875
2026-03-15,25189.435546875,275.7769775390625
2026-03-16,31780.951171875,304.8837585449219
2026-03-17,32983.66796875,304.386962890625
2026-03-18,32980.3671875,308.9744873046875
2026-03-19,32820.140625,288.7698669433594
2026-03-20,32453.048828125,276.27252197265625
2026-03-21,27835.806640625,251.01866149902344
2026-03-22,24769.80859375,241.3908538818359
2026-03-23,31769.935546875,274.3963623046875
2026-03-24,32954.234375,276.2378845214844
2026-03-25,32970.265625,271.6971740722656
2026-03-26,32737.015625,276.43902587890625
2026-03-27,32460.93359375,286.77880859375
2026-03-28,27390.900390625,282.00958251953125
2026-03-29,23670.455078125,291.1801452636719
2026-03-30,30871.63671875,321.23052978515625
2026-03-31,32466.244140625,309.8816223144531
2026-04-01,32156.24609375,310.3223571777344
2026-04-02,32020.927734375,309.4107666015625
2026-04-03,31784.392578125,288.87542724609375
2026-04-04,27047.53515625,274.39630126953125
2026-04-05,23315.640625,250.18597412109375
2026-04-06,29269.650390625,294.3778076171875
2026-04-07,30644.044921875,289.11285400390625
2026-04-08,30913.998046875,287.64923095703125
2026-04-09,30816.26171875,276.3973083496094
2026-04-10,30984.421875,263.26947021484375
2026-04-11,27074.755859375,219.18162536621097
2026-04-12,23637.177734375,214.6065673828125
2026-04-13,28455.65625,265.841064453125
2026-04-14,30320.328125,259.6889953613281
2026-04-15,31157.662109375,250.5516357421875
2026-04-16,31252.13671875,251.5653533935547
2026-04-17,31358.111328125,243.3563995361328
2026-04-18,27276.533203125,216.50294494628903
2026-04-19,23506.45703125,202.8690948486328
2026-04-20,28724.193359375,231.9646453857422
2026-04-21,31181.220703125,240.037109375
2026-04-22,31336.3125,243.5751190185547
2026-04-23,31418.498046875,235.6876220703125
2026-04-24,31325.421875,239.19140625
2026-04-25,27116.806640625,212.19418334960935
2026-04-26,23187.517578125,202.30892944335935
2026-04-27,28460.916015625,220.9497833251953
2026-04-28,30111.0546875,229.17141723632812
2026-04-29,31069.0546875,234.95526123046875
2026-04-30,31393.3984375,227.41867065429688
2026-05-01,30624.15234375,232.96795654296875
2026-05-02,27209.783203125,209.73196411132812
2026-05-03,23470.283203125,201.48733520507812
2026-05-04,29406.6640625,222.9714508056641
2026-05-05,31654.89453125,221.9227600097656
2026-05-06,31374.8984375,222.88539123535156
2026-05-07,31503.916015625,221.6481781005859
2026-05-08,31228.138671875,226.4603729248047
2026-05-09,27271.0078125,216.04591369628903
2026-05-10,23438.11328125,193.98670959472656
2026-05-11,29397.376953125,216.95399475097656
2026-05-12,30905.859375,222.05381774902344
2026-05-13,31411.166015625,209.2329864501953
2026-05-14,31483.576171875,213.6934356689453
2026-05-15,31385.111328125,218.6763916015625
2026-05-16,27454.5546875,190.68630981445312
2026-05-17,24004.302734375,188.2999267578125
2026-05-18,29250.744140625,215.63055419921875
2026-05-19,31003.494140625,221.5408935546875
2026-05-20,31441.642578125,228.4588928222656
2026-05-21,31531.484375,222.40548706054688
2026-05-22,31426.158203125,228.7342529296875
2026-05-23,27496.146484375,222.81173706054688
2026-05-24,24006.2578125,203.5782928466797
2026-05-25,29345.580078125,228.870849609375
2026-05-26,30926.931640625,235.79930114746097
2026-05-27,31333.873046875,243.8581390380859
2026-05-28,31522.189453125,255.86187744140625
2026-05-29,31332.7421875,258.1461486816406
2026-05-30,27386.9140625,223.1594390869141
2026-05-31,23439.794921875,213.2926025390625
2026-06-01,28309.65234375,258.77056884765625
2026-06-02,29526.201171875,257.813232421875
2026-06-03,30691.4765625,265.0881042480469
2026-06-04,32380.37109375,269.9183654785156
2026-06-05,32325.716796875,272.7190246582031
2026-06-06,28196.216796875,240.6867828369141
2026-06-07,25023.33203125,220.8482208251953
2026-06-08,29856.212890625,260.27734375
2026-06-09,32616.646484375,266.1405029296875
2026-06-10,32584.8515625,254.56643676757812
2026-06-11,33230.875,256.94183349609375
2026-06-12,33330.8515625,263.95208740234375
2026-06-13,29348.955078125,233.99295043945312
2026-06-14,26714.916015625,216.6996154785156
2026-06-15,34182.13671875,271.4649353027344
2026-06-16,35099.390625,277.23394775390625
2026-06-17,35361.31640625,292.4915771484375
2026-06-18,35373.96484375,289.0389099121094
2026-06-19,34961.05859375,287.7560119628906
2026-06-20,29561.896484375,275.0560607910156
2026-06-21,26882.4375,269.45770263671875
2026-06-22,34510.33984375,314.6346435546875
2026-06-23,36035.77734375,322.53643798828125
2026-06-24,36257.49609375,318.9770202636719
2026-06-25,35863.50390625,311.2945861816406
2026-06-26,35884.0078125,307.4832763671875
2026-06-27,30788.0,283.96417236328125
2026-06-28,27305.037109375,278.0294494628906
2026-06-29,35226.09375,316.6159973144531
2026-06-30,37087.30078125,313.3338623046875
2026-07-01,37356.5703125,311.0752868652344
2026-07-02,37186.30078125,305.5220947265625
2026-07-03,36849.4609375,308.17401123046875
2026-07-04,31711.26171875,290.07037353515625
2026-07-05,27729.5859375,289.3694152832031
2026-07-06,36365.10546875,319.711669921875
2026-07-07,37852.62890625,314.1988220214844
2026-07-08,37466.64453125,311.72418212890625
2026-07-09,37103.0859375,307.9565124511719
2026-07-10,36726.39453125,304.94140625
2026-07-11,31847.9921875,292.3410339355469
2026-07-12,28453.20703125,289.1116943359375
2026-07-13,37200.56640625,315.9794006347656
2026-07-14,38929.265625,307.59063720703125
2026-07-15,37983.1484375,310.176025390625
2026-07-16,37031.75390625,282.5224914550781
2026-07-17,36965.26171875,286.1731872558594
2026-07-18,31849.501953125,270.315673828125
2026-07-19,28528.84375,258.50933837890625
2026-07-20,37473.9765625,295.3922119140625
2026-07-21,38973.33984375,303.80828857421875
2026-07-22,38257.66796875,286.36712646484375
2026-07-23,37562.4765625,287.3224792480469
2026-07-24,37334.12890625,287.03021240234375
2026-07-25,32008.529296875,271.66754150390625
2026-07-26,28714.224609375,261.2847900390625
2026-07-27,37534.2578125,288.63958740234375
2026-07-28,38900.01171875,294.7810363769531
2026-07-29,38153.2421875,291.7727966308594
2026-07-30,37767.71484375,285.964599609375
2026-07-31,37378.37890625,285.1185302734375
2026-08-01,31939.1328125,266.76947021484375
2026-08-02,28695.728515625,243.00575256347656
2026-08-03,36592.296875,283.1285705566406
2026-08-04,37180.74609375,285.3593444824219
2026-08-05,36780.96484375,282.34814453125
2026-08-06,35907.7578125,276.8495178222656
2026-08-07,35303.796875,276.7088623046875
2026-08-08,30815.095703125,246.68063354492188
2026-08-09,27641.57421875,243.9821319580078
2026-08-10,34630.1484375,279.7250061035156
2026-08-11,35118.6640625,286.05145263671875
2026-08-12,34757.15234375,282.8934326171875
2026-08-13,34505.2265625,282.6551818847656
2026-08-14,34178.1875,281.9172058105469
2026-08-15,30311.6875,275.1787414550781
2026-08-16,27283.744140625,262.3240966796875
2026-08-17,34109.36328125,291.4259338378906
2026-08-18,35016.45703125,305.2085876464844
2026-08-19,35147.9765625,286.5124206542969
2026-08-20,34884.46875,285.8047180175781
2026-08-21,34533.09375,285.83868408203125
2026-08-22,30173.701171875,264.3228759765625
2026-08-23,27392.31640625,245.8270568847656
2026-08-24,34779.73046875,291.14691162109375
2026-08-25,35936.75,304.4679260253906
2026-08-26,35952.109375,286.38421630859375
2026-08-27,35519.22265625,285.6955871582031
2026-08-28,34980.93359375,283.7320556640625
2026-08-29,30202.556640625,270.4194030761719
2026-08-30,27162.59765625,268.7168884277344
2026-08-31,34643.06640625,305.7503662109375
2026-09-01,35703.34765625,312.8014221191406
2026-09-02,35332.875,288.8343811035156
2026-09-03,34852.0703125,288.263427734375
2026-09-04,34652.3125,286.2998962402344
2026-09-05,30080.630859375,269.9994812011719
2026-09-06,27085.455078125,259.9374694824219
2026-09-07,34435.25,295.47174072265625
2026-09-08,35314.80859375,305.7432556152344
2026-09-09,35088.13671875,289.1880187988281
2026-09-10,34940.69921875,288.0345764160156
2026-09-11,34656.96484375,286.20538330078125
2026-09-12,29931.68359375,270.3241271972656
2026-09-13,26836.015625,261.4417419433594
2026-09-14,33978.90625,294.16339111328125
2026-09-15,34898.76953125,305.56854248046875
2026-09-16,34868.83984375,287.09539794921875
2026-09-17,34685.67578125,286.2135009765625
2026-09-18,34328.5703125,285.8843078613281
2026-09-19,29628.146484375,269.8922119140625
2026-09-20,26311.61328125,259.629638671875
2026-09-21,33570.95703125,293.8243103027344
2026-09-22,34499.1328125,307.8363952636719
2026-09-23,34392.10546875,286.88702392578125
2026-09-24,34188.57421875,286.40008544921875
2026-09-25,33981.3125,286.5301818847656
2026-09-26,29692.54296875,270.5380859375
2026-09-27,26539.98828125,261.42059326171875
2026-09-28,33861.5,294.2311706542969
2026-09-29,34849.3515625,303.2548522949219
2026-09-30,34646.42578125,288.8263244628906
2026-10-01,34382.671875,283.7469177246094
2026-10-02,34036.84375,285.1514587402344
2026-10-03,29271.21875,268.62249755859375
2026-10-04,26154.91015625,259.3894958496094
2026-10-05,33538.5234375,294.8108825683594
2026-10-06,34544.12109375,306.73095703125
2026-10-07,34370.63671875,288.62347412109375
2026-10-08,33974.86328125,283.3308410644531
2026-10-09,33807.53515625,280.84674072265625
2026-10-10,28786.2421875,268.2960205078125
2026-10-11,25847.583984375,259.2981872558594
2026-10-12,33030.13671875,291.7331237792969
2026-10-13,34090.23828125,302.5857849121094
2026-10-14,33861.03515625,284.81280517578125
2026-10-15,33723.203125,283.66534423828125
2026-10-16,33341.13671875,281.1812438964844
2026-10-17,28499.369140625,270.0595703125
2026-10-18,25579.33203125,260.6686706542969
2026-10-19,32086.818359375,293.8034362792969
2026-10-20,33658.515625,302.2997131347656
2026-10-21,33506.859375,284.1922302246094
2026-10-22,33425.13671875,278.4049377441406
2026-10-23,33221.84765625,282.1194152832031
2026-10-24,28790.248046875,268.580078125
2026-10-25,25952.23828125,258.51708984375
2026-10-26,33216.0078125,290.6554260253906
2026-10-27,34019.73046875,301.64227294921875
2026-10-28,33914.97265625,283.5347900390625
2026-10-29,33639.78125,285.9520568847656
2026-10-30,33292.4765625,280.2139587402344
2026-10-31,28654.99609375,268.3868408203125
2026-11-01,23143.80859375,258.4520263671875
2026-11-02,30936.80859375,290.5654602050781
2026-11-03,33273.60546875,302.6634521484375
2026-11-04,33649.890625,285.751953125
2026-11-05,33303.8203125,284.5166015625
2026-11-06,33007.83203125,285.0057067871094
2026-11-07,28044.419921875,268.6359558105469
2026-11-08,24783.818359375,261.95037841796875
2026-11-09,31908.251953125,294.94647216796875
2026-11-10,33309.953125,304.7134704589844
2026-11-11,33046.98828125,286.6260986328125
2026-11-12,33039.875,285.4391784667969
2026-11-13,32882.140625,284.9433288574219
2026-11-14,28522.66015625,268.4759826660156
2026-11-15,25578.625,260.4521484375
2026-11-16,32510.552734375,295.52105712890625
2026-11-17,33747.6953125,305.2091064453125
2026-11-18,33825.33203125,287.13153076171875
2026-11-19,33467.578125,286.0887145996094
2026-11-20,33389.484375,284.74432373046875
2026-11-21,28725.875,268.2769775390625
2026-11-22,26247.287109375,260.515625
2026-11-23,33404.45703125,295.72601318359375
2026-11-24,34576.98046875,305.2416076660156
2026-11-25,34263.890625,287.2588806152344
2026-11-26,34000.01171875,285.97259521484375
2026-11-27,33733.015625,283.7947082519531
2026-11-28,28825.89453125,269.651611328125
2026-11-29,26563.408203125,260.75860595703125
2026-11-30,33746.09375,295.150390625
2026-12-01,34553.484375,305.1949768066406
2026-12-02,34343.08203125,288.0093078613281
2026-12-03,33890.4765625,285.95819091796875
2026-12-04,33500.0390625,280.8621826171875
2026-12-05,29248.68359375,265.44964599609375
2026-12-06,26712.439453125,246.74163818359375
2026-12-07,33190.1171875,287.41265869140625
2026-12-08,33875.23046875,296.5367736816406
2026-12-09,33805.92578125,287.22576904296875
2026-12-10,33723.390625,281.3092346191406
2026-12-11,33610.36328125,281.26593017578125
2026-12-12,29785.228515625,265.5072937011719
2026-12-13,27832.953125,250.8230743408203
2026-12-14,34692.63671875,283.4994201660156
2026-12-15,35584.55859375,295.9981384277344
2026-12-16,35172.828125,282.20916748046875
2026-12-17,34237.5859375,276.0196838378906
2026-12-18,33716.4609375,266.8631896972656
2026-12-19,29453.28515625,242.2987518310547
2026-12-20,26495.986328125,247.8430328369141
2026-12-21,33720.25,272.9815979003906
2026-12-22,33922.0234375,268.7900695800781
2026-12-23,32494.34375,259.2044677734375
2026-12-24,30008.48828125,250.89334106445312
2026-12-25,29606.373046875,239.80322265625
2026-12-26,25938.615234375,227.855712890625
2026-12-27,23871.03515625,213.6759796142578
2026-12-28,29295.4765625,236.62400817871097
2026-12-29,29760.177734375,223.13351440429688
2026-12-30,30104.380859375,218.4077606201172
2026-12-31,30762.005859375,211.668701171875
2027-01-01,31028.240234375,223.7209320068359
2027-01-02,27233.65625,203.5437774658203
2027-01-03,24376.4921875,181.12109375
2027-01-04,30771.703125,194.0356903076172
2027-01-05,32158.10546875,211.6148223876953
2027-01-06,31278.265625,223.65316772460935
2027-01-07,32747.02734375,219.427978515625
2027-01-08,32850.42578125,224.85760498046875
2027-01-09,28917.80078125,227.3851318359375
2027-01-10,25910.65625,223.0862274169922
2027-01-11,33890.4453125,243.19009399414065
2027-01-12,34785.22265625,245.7333984375
2027-01-13,35238.265625,231.42529296875
2027-01-14,34746.76171875,229.1572265625
2027-01-15,34397.95703125,233.3220977783203
2027-01-16,29128.642578125,211.8948974609375
2027-01-17,26169.625,202.52110290527344
2027-01-18,34140.04296875,237.14585876464844
2027-01-19,35072.109375,243.07467651367188
2027-01-20,34966.15625,235.99432373046875
2027-01-21,34633.19921875,227.6564178466797
2027-01-22,34222.85546875,233.11260986328125
2027-01-23,29211.6796875,215.0844268798828
2027-01-24,26590.169921875,210.5168609619141
2027-01-25,34055.20703125,237.63475036621097
2027-01-26,34930.4375,244.30648803710935
2027-01-27,34900.37109375,242.91192626953125
2027-01-28,34603.234375,243.3905487060547
2027-01-29,34416.30078125,241.7412872314453
2027-01-30,29204.603515625,221.00698852539065
2027-01-31,26621.947265625,207.0729217529297
2027-02-01,33882.8828125,237.5403594970703
2027-02-02,34896.21484375,239.3914337158203
2027-02-03,34731.7578125,229.72772216796875
2027-02-04,34342.83203125,230.9141540527344
2027-02-05,34110.5703125,237.32180786132812
2027-02-06,28920.373046875,215.5608673095703
2027-02-07,26301.396484375,209.11415100097656
2027-02-08,33674.26953125,227.28810119628903
2027-02-09,34613.02734375,234.8020172119141
2027-02-10,34386.86328125,227.16883850097656
2027-02-11,34056.3046875,232.0609588623047
2027-02-12,33657.765625,233.39857482910156
2027-02-13,28615.015625,215.77288818359375
2027-02-14,25554.859375,210.38523864746097
2027-02-15,32557.0859375,230.08534240722656
2027-02-16,33961.39453125,226.1468048095703
2027-02-17,33765.27734375,228.72674560546875
2027-02-18,33254.06640625,228.41786193847656
2027-02-19,32897.66796875,234.5156707763672
2027-02-20,28242.767578125,214.8849639892578
2027-02-21,25556.087890625,203.65672302246097
2027-02-22,32166.78515625,225.44009399414065
2027-02-23,33605.859375,226.00677490234375
2027-02-24,33447.84375,230.54640197753903
2027-02-25,33171.90625,228.97967529296875
2027-02-26,32845.5703125,229.5332946777344
2027-02-27,28427.888671875,207.40582275390625
2027-02-28,25544.45703125,196.7396240234375
2027-03-01,32089.181640625,215.5205535888672
2027-03-02,33382.8359375,226.05593872070312
2027-03-03,33236.71484375,230.8971405029297
2027-03-04,32914.8515625,227.96246337890625
2027-03-05,32590.580078125,232.87310791015625
2027-03-06,28321.1953125,221.82472229003903
2027-03-07,25543.60546875,203.7402801513672
2027-03-08,31879.40234375,229.98199462890625
2027-03-09,32956.39453125,238.59442138671875
2027-03-10,33007.65234375,241.13412475585935
2027-03-11,32773.86328125,251.17234802246097
2027-03-12,32465.45703125,248.63674926757812
2027-03-13,28136.49609375,226.9850921630859
2027-03-14,25550.4765625,217.60040283203125
2027-03-15,32014.578125,248.66043090820312
2027-03-16,33119.09765625,248.81089782714844
2027-03-17,33166.63671875,251.0624542236328
2027-03-18,32978.84765625,251.00828552246097
2027-03-19,32790.4296875,254.5103454589844
2027-03-20,28383.935546875,220.67384338378903
2027-03-21,25787.046875,206.9152984619141
2027-03-22,32646.056640625,251.43746948242188
2027-03-23,33346.43359375,250.68934631347656
2027-03-24,33592.97265625,252.91275024414065
2027-03-25,33306.5625,253.58656311035156
2027-03-26,33027.1015625,250.44171142578125
2027-03-27,28434.60546875,221.3475646972656
2027-03-28,25671.203125,214.5794219970703
2027-03-29,32560.751953125,252.1455078125
2027-03-30,33482.56640625,253.5594024658203
2027-03-31,33636.9609375,245.88150024414065
2027-04-01,33165.328125,247.83384704589844
2027-04-02,32808.53515625,258.6328430175781
2027-04-03,28271.837890625,222.50759887695312
2027-04-04,25547.845703125,206.54708862304688
2027-04-05,31883.640625,251.6150665283203
2027-04-06,32960.90234375,243.2269744873047
2027-04-07,33196.87109375,251.2526092529297
2027-04-08,32791.421875,250.0689392089844
2027-04-09,32445.080078125,248.59750366210935
2027-04-10,27987.416015625,208.11619567871097
2027-04-11,25304.7265625,209.8019256591797
2027-04-12,31948.599609375,253.7861785888672
2027-04-13,33000.15234375,251.5050048828125
2027-04-14,33203.71875,246.31097412109375
2027-04-15,32837.765625,248.2645263671875
2027-04-16,32624.875,251.5802459716797
2027-04-17,28274.306640625,218.0464630126953
2027-04-18,25535.8515625,208.11349487304688
2027-04-19,31943.833984375,249.00729370117188
2027-04-20,33015.0625,252.74037170410156
2027-04-21,32993.2734375,246.27142333984375
2027-04-22,32904.265625,248.2645263671875
2027-04-23,32747.244140625,251.5802459716797
2027-04-24,28379.400390625,208.92515563964844
2027-04-25,25521.4140625,201.34591674804688
2027-04-26,31867.138671875,247.7467498779297
2027-04-27,32950.0390625,246.6106414794922
2027-04-28,33060.66015625,249.31137084960935
2027-04-29,33040.625,248.77740478515625
2027-04-30,32774.64453125,257.2017517089844
2027-05-01,27779.361328125,222.5612030029297
2027-05-02,25358.81640625,202.41270446777344
2027-05-03,32191.21484375,251.16482543945312
2027-05-04,33354.07421875,255.94314575195312
2027-05-05,33402.42578125,253.01364135742188
2027-05-06,32927.140625,254.3176727294922
2027-05-07,32647.58984375,245.34765625
2027-05-08,28182.029296875,203.16082763671875
2027-05-09,25367.1796875,189.6910095214844
2027-05-10,32236.193359375,240.24620056152344
2027-05-11,33339.17578125,246.0249786376953
2027-05-12,33399.828125,233.20167541503903
2027-05-13,32909.23046875,228.9639587402344
2027-05-14,32643.302734375,251.6472625732422
2027-05-15,28446.830078125,222.0016326904297
2027-05-16,25540.75390625,198.7044982910156
2027-05-17,32172.32421875,233.8216094970703
2027-05-18,33386.0234375,239.51307678222656
2027-05-19,33525.921875,229.6322326660156
2027-05-20,33022.48046875,225.46026611328125
2027-05-21,32738.201171875,249.57093811035156
2027-05-22,28494.96875,211.14515686035156
2027-05-23,25581.291015625,195.36634826660156
2027-05-24,32291.466796875,226.6050720214844
2027-05-25,33499.7421875,236.4202423095703
2027-05-26,33688.39453125,238.2745056152344
2027-05-27,33153.08203125,241.10267639160156
2027-05-28,32928.9140625,246.9438934326172
2027-05-29,28517.126953125,209.47862243652344
2027-05-30,25794.37890625,195.26893615722656
2027-05-31,32945.5546875,232.3772735595703
2027-06-01,33266.68359375,235.0608673095703
2027-06-02,32640.162109375,228.1912841796875
2027-06-03,32548.904296875,231.70899963378903
2027-06-04,32930.72265625,242.5743865966797
2027-06-05,29064.2265625,222.9082946777344
2027-06-06,26720.390625,203.57833862304688
2027-06-07,33878.34765625,239.18313598632812
2027-06-08,35335.0859375,233.5759735107422
2027-06-09,35403.91796875,227.94691467285156
2027-06-10,35355.71484375,226.73863220214844
2027-06-11,34711.796875,242.6374664306641
2027-06-12,29333.75,216.32846069335935
2027-06-13,26625.056640625,202.72259521484375
2027-06-14,34563.8828125,238.03399658203125
2027-06-15,35747.28125,242.8767242431641
2027-06-16,36027.18359375,258.7390441894531
2027-06-17,35854.3828125,261.609130859375
2027-06-18,35596.0625,275.4774475097656
2027-06-19,30161.298828125,230.9665374755859
2027-06-20,26982.744140625,208.3494415283203
2027-06-21,35284.60546875,255.0094757080078
2027-06-22,36958.74609375,273.5301818847656
2027-06-23,36994.73046875,277.26824951171875
2027-06-24,36541.3671875,281.85400390625
2027-06-25,35995.75,282.4377136230469
2027-06-26,30456.046875,258.6177062988281
2027-06-27,27158.802734375,246.29844665527344
2027-06-28,35337.51171875,299.3177185058594
2027-06-29,37114.609375,299.429931640625
2027-06-30,36674.87890625,302.1063537597656
2027-07-01,36419.30078125,311.8547058105469
2027-07-02,35970.75,310.69744873046875
2027-07-03,30673.5,298.6458435058594
2027-07-04,27593.044921875,293.6711120605469
2027-07-05,35717.5625,327.0984802246094
2027-07-06,37152.12890625,322.26788330078125
2027-07-07,36896.6171875,322.49896240234375
2027-07-08,36611.640625,307.65869140625
2027-07-09,36307.22265625,302.3115234375
2027-07-10,31178.408203125,296.0388488769531
2027-07-11,27543.884765625,293.7585144042969
2027-07-12,36145.00390625,314.76947021484375
2027-07-13,37538.78125,309.9120178222656
2027-07-14,37200.19140625,314.8927917480469
2027-07-15,36965.60546875,310.859130859375
2027-07-16,36506.296875,307.8263854980469
2027-07-17,31585.4921875,293.566162109375
2027-07-18,28111.8046875,288.2163391113281
2027-07-19,37085.24609375,314.5104675292969
2027-07-20,38309.5390625,307.8540344238281
2027-07-21,37565.77734375,311.1561584472656
2027-07-22,37216.92578125,303.79766845703125
2027-07-23,37131.13671875,283.35980224609375
2027-07-24,31805.673828125,271.6426086425781
2027-07-25,28574.083984375,259.6727600097656
2027-07-26,37470.97265625,294.06317138671875
2027-07-27,39028.37890625,302.68096923828125
2027-07-28,38160.66015625,286.87054443359375
2027-07-29,37620.0546875,288.79736328125
2027-07-30,37315.359375,289.6048583984375
2027-07-31,32008.638671875,269.1884765625
2027-08-01,28558.146484375,258.5386657714844
2027-08-02,37170.640625,288.31280517578125
2027-08-03,37678.28515625,291.1482238769531
2027-08-04,36953.03515625,289.72882080078125
2027-08-05,36363.15625,284.4449462890625
2027-08-06,35405.0859375,281.6069030761719
2027-08-07,30586.82421875,269.5867614746094
2027-08-08,27116.064453125,259.8536071777344
2027-08-09,34935.0,286.8530578613281
2027-08-10,35241.06640625,291.6527404785156
2027-08-11,34828.78125,289.1626892089844
2027-08-12,34400.5859375,284.018798828125
2027-08-13,34104.45703125,280.78668212890625
2027-08-14,30023.240234375,268.9022521972656
2027-08-15,26869.083984375,258.974365234375
2027-08-16,33845.21484375,287.3310546875
2027-08-17,34845.16015625,292.8748474121094
2027-08-18,34797.859375,287.0830383300781
2027-08-19,34388.21875,282.3602600097656
2027-08-20,34097.26171875,279.8467102050781
2027-08-21,30075.4296875,271.378173828125
2027-08-22,27224.53125,261.201171875
2027-08-23,34617.91015625,293.85211181640625
2027-08-24,35797.14453125,305.0198974609375
2027-08-25,35730.0859375,286.8503112792969
2027-08-26,35336.0390625,285.94415283203125
2027-08-27,34923.75390625,288.1935119628906
2027-08-28,30181.693359375,266.8113098144531
2027-08-29,27187.60546875,246.8157501220703
2027-08-30,34776.1640625,292.43682861328125
2027-08-31,35793.44140625,304.7935485839844
2027-09-01,35335.33984375,287.302978515625
2027-09-02,34816.2109375,286.3294372558594
2027-09-03,34552.3203125,284.3023986816406
2027-09-04,30059.525390625,270.2503356933594
2027-09-05,27113.505859375,268.2384033203125
2027-09-06,34449.01171875,304.8834533691406
2027-09-07,35492.03515625,310.7782897949219
2027-09-08,35249.40234375,289.1880187988281
2027-09-09,35028.5078125,286.0370788574219
2027-09-10,34753.57421875,284.07354736328125
2027-09-11,29936.6875,272.51458740234375
2027-09-12,26837.6171875,260.2400817871094
2027-09-13,34075.85546875,293.8864440917969
2027-09-14,34927.3984375,303.1607666015625
2027-09-15,34790.28125,287.09539794921875
2027-09-16,34575.0546875,286.3586120605469
2027-09-17,34306.31640625,284.01123046875
2027-09-18,29615.716796875,269.9173889160156
2027-09-19,26315.669921875,260.961181640625
2027-09-20,33584.2734375,293.61163330078125
2027-09-21,34517.6328125,305.2680358886719
2027-09-22,34443.12109375,287.1605529785156
2027-09-23,34211.703125,285.72052001953125
2027-09-24,34037.83984375,286.5301818847656
2027-09-25,29354.94140625,270.5380859375
2027-09-26,26208.20703125,261.2817687988281
2027-09-27,33649.078125,294.2303466796875
2027-09-28,34638.37109375,308.242431640625
2027-09-29,34485.44921875,288.8263244628906
2027-09-30,34313.6640625,287.6598205566406
2027-10-01,33889.4296875,285.59161376953125
2027-10-02,29122.119140625,271.322021484375
2027-10-03,26009.453125,259.3894958496094
2027-10-04,33271.5390625,293.81903076171875
2027-10-05,34299.1015625,302.1141052246094
2027-10-06,34124.25,288.62347412109375
2027-10-07,33973.09375,284.05718994140625
2027-10-08,33635.71484375,280.84674072265625
2027-10-09,28711.115234375,267.04248046875
2027-10-10,25549.8828125,246.5754241943359
2027-10-11,32268.56640625,290.9562683105469
2027-10-12,33578.5,302.5857849121094
2027-10-13,33389.84765625,284.4783020019531
2027-10-14,33308.14453125,283.66534423828125
2027-10-15,33141.38671875,281.1812438964844
2027-10-16,28728.97265625,269.7105712890625
2027-10-17,25698.06640625,266.9324951171875
2027-10-18,32991.31640625,293.8034362792969
2027-10-19,33956.11328125,303.9563293457031
2027-10-20,33920.19140625,284.1922302246094
2027-10-21,33576.3046875,281.76617431640625
2027-10-22,33251.24609375,280.5606689453125
2027-10-23,28469.412109375,268.6512451171875
2027-10-24,25583.849609375,257.18548583984375
2027-10-25,32009.072265625,290.58905029296875
2027-10-26,33624.4609375,301.64227294921875
2027-10-27,33646.69140625,283.5347900390625
2027-10-28,33356.26953125,277.7179870605469
2027-10-29,33045.97265625,279.7738037109375
2027-10-30,28674.490234375,267.1666564941406
2027-10-31,25367.302734375,246.48240661621097
2027-11-01,29691.931640625,284.329833984375
2027-11-02,32299.830078125,294.8836669921875
2027-11-03,33130.04296875,283.67535400390625
2027-11-04,33505.328125,283.51239013671875
2027-11-05,33352.58984375,282.82012939453125
2027-11-06,29215.306640625,261.78045654296875
2027-11-07,26275.123046875,248.17095947265625
2027-11-08,34146.15234375,288.8904113769531
2027-11-09,35080.5859375,301.1784362792969
2027-11-10,34908.92578125,283.3114013671875
2027-11-11,34610.7890625,279.8435363769531
2027-11-12,34088.7578125,280.9453125
2027-11-13,28926.17578125,262.3535461425781
2027-11-14,26330.427734375,248.12680053710935
2027-11-15,33964.5546875,289.9936828613281
2027-11-16,35032.76953125,297.1322021484375
2027-11-17,34816.80859375,286.0726623535156
2027-11-18,34394.21484375,283.3131408691406
2027-11-19,33974.6640625,280.847412109375
2027-11-20,28757.611328125,262.2333068847656
2027-11-21,26099.458984375,248.48646545410156
2027-11-22,33952.51171875,290.17193603515625
2027-11-23,34995.19921875,299.1197204589844
2027-11-24,34964.890625,286.3236389160156
2027-11-25,34430.3203125,281.4438171386719
2027-11-26,33883.7109375,280.44891357421875
2027-11-27,28800.75,260.6366271972656
2027-11-28,26349.16796875,248.4101104736328
2027-11-29,33922.20703125,289.46575927734375
2027-11-30,35063.65234375,300.4234313964844
2027-12-01,34645.734375,288.18994140625
2027-12-02,33874.53125,281.8426818847656
2027-12-03,33459.71484375,286.3691101074219
2027-12-04,28594.390625,261.979736328125
2027-12-05,25946.140625,252.60238647460935
2027-12-06,33344.24609375,287.4460144042969
2027-12-07,33566.06640625,298.5848388671875
2027-12-08,32131.671875,283.9194641113281
2027-12-09,32142.142578125,284.75079345703125
2027-12-10,32668.45703125,284.1495056152344
2027-12-11,29061.494140625,269.08428955078125
2027-12-12,26815.484375,261.94921875
2027-12-13,33582.70703125,294.08685302734375
2027-12-14,34351.671875,306.7555847167969
2027-12-15,33878.921875,288.3898010253906
2027-12-16,32733.447265625,280.6915283203125
2027-12-17,32399.671875,279.22467041015625
2027-12-18,28275.890625,264.0022888183594
2027-12-19,26022.58984375,254.62342834472656
2027-12-20,32411.212890625,280.14697265625
2027-12-21,33173.80078125,288.0338439941406
2027-12-22,32097.6484375,263.7666931152344
2027-12-23,30724.5078125,253.58151245117188
2027-12-24,29906.458984375,245.30728149414065
2027-12-25,26153.34765625,211.082763671875
2027-12-26,23870.66796875,211.47935485839844
2027-12-27,29169.712890625,253.72601318359375
2027-12-28,30157.263671875,230.9803466796875
2027-12-29,30751.544921875,224.9169158935547
2027-12-30,30782.080078125,209.93603515625
2027-12-31,30356.390625,213.2550506591797
2028-01-01,27371.984375,212.37290954589844
2028-01-02,24155.654296875,202.8021697998047
2028-01-03,30669.16796875,215.5728759765625
2028-01-04,32323.306640625,208.41961669921875
2028-01-05,31674.37890625,214.5773468017578
2028-01-06,30746.65234375,228.5484313964844
2028-01-07,32690.046875,239.14178466796875
2028-01-08,29164.8671875,228.89149475097656
2028-01-09,26305.013671875,218.06857299804688
2028-01-10,33722.515625,237.834716796875
2028-01-11,34377.3046875,246.4200134277344
2028-01-12,34533.92578125,233.6396026611328
2028-01-13,34635.58984375,225.58216857910156
2028-01-14,34397.2890625,240.3571929931641
2028-01-15,29317.22265625,215.1331329345703
2028-01-16,26584.046875,203.6869659423828
2028-01-17,34461.98046875,230.33950805664065
2028-01-18,35439.5859375,240.24349975585935
2028-01-19,35399.91796875,237.05810546875
2028-01-20,35060.453125,225.8725128173828
2028-01-21,34652.19921875,236.93618774414065
2028-01-22,29119.67578125,213.94403076171875
2028-01-23,26472.177734375,212.08090209960935
2028-01-24,34147.3125,239.5943145751953
2028-01-25,35098.37890625,241.9922332763672
2028-01-26,34917.34375,240.72430419921875
2028-01-27,34661.58203125,243.18032836914065
2028-01-28,34334.3046875,245.75831604003903
2028-01-29,29084.82421875,215.67019653320312
2028-01-30,26618.271484375,205.01419067382812
2028-01-31,33959.4921875,232.24020385742188
2028-02-01,34885.5625,228.1383056640625
2028-02-02,34731.7578125,225.71734619140625
2028-02-03,34344.23046875,233.49105834960935
2028-02-04,34110.5703125,235.01467895507812
2028-02-05,28794.021484375,219.37094116210935
2028-02-06,26219.794921875,212.00148010253903
2028-02-07,33645.265625,225.78114318847656
2028-02-08,34596.83203125,226.8960876464844
2028-02-09,34386.86328125,227.9691619873047
2028-02-10,33984.3046875,229.79214477539065
2028-02-11,33682.4296875,233.7845001220703
2028-02-12,28522.7578125,216.84962463378903
2028-02-13,25568.63671875,202.22689819335935
2028-02-14,32499.255859375,217.4165802001953
2028-02-15,33953.10546875,215.5591583251953
2028-02-16,33689.0703125,217.54327392578125
2028-02-17,33250.4609375,216.444580078125
2028-02-18,32904.30859375,221.40521240234375
2028-02-19,28268.392578125,201.05368041992188
2028-02-20,25512.685546875,182.7622985839844
2028-02-21,32198.990234375,208.11749267578125
2028-02-22,33600.609375,211.602783203125
2028-02-23,33440.6640625,218.5792236328125
2028-02-24,33205.03125,210.44558715820312
2028-02-25,32845.5703125,221.4206695556641
2028-02-26,28351.400390625,213.2321929931641
2028-02-27,25331.3671875,210.9081115722656
2028-02-28,32248.509765625,233.41444396972656
2028-02-29,33441.80859375,235.22293090820312
2028-03-01,33248.38671875,240.07408142089844
2028-03-02,32916.69921875,257.6921691894531
2028-03-03,32594.939453125,260.1707763671875
2028-03-04,28244.994140625,228.38232421875
2028-03-05,25205.078125,213.13270568847656
2028-03-06,32021.76171875,251.5614471435547
2028-03-07,33159.41796875,260.5939636230469
2028-03-08,33018.484375,265.531982421875
2028-03-09,32797.8671875,274.22222900390625
2028-03-10,32547.123046875,272.7361755371094
2028-03-11,28147.642578125,241.9263610839844
2028-03-12,25309.462890625,222.7715606689453
2028-03-13,31630.51171875,265.3418273925781
2028-03-14,32944.625,264.5044860839844
2028-03-15,33040.9609375,255.09732055664065
2028-03-16,32965.09375,257.7975769042969
2028-03-17,32628.54296875,263.45245361328125
2028-03-18,28242.779296875,232.9014434814453
2028-03-19,25504.1015625,216.29373168945312
2028-03-20,31696.65625,250.5685882568359
2028-03-21,32944.625,255.77899169921875
2028-03-22,33151.11328125,260.58551025390625
2028-03-23,32988.4375,263.5672912597656
2028-03-24,32779.515625,256.6790466308594
2028-03-25,28334.1484375,229.08578491210935
2028-03-26,25519.130859375,219.0539398193359
2028-03-27,31390.982421875,266.5481262207031
2028-03-28,32960.55078125,267.1568908691406
2028-03-29,33128.4609375,264.8459167480469
2028-03-30,32988.96875,263.3951110839844
2028-03-31,32597.91796875,269.5552062988281
2028-04-01,28324.140625,238.36605834960935
2028-04-02,25358.609375,217.93605041503903
2028-04-03,31477.421875,268.6871643066406
2028-04-04,32976.7421875,271.5446472167969
2028-04-05,33190.69921875,265.0350646972656
2028-04-06,32863.86328125,253.57020568847656
2028-04-07,32609.15625,257.63482666015625
2028-04-08,28324.140625,225.46400451660156
2028-04-09,25380.5546875,213.8690948486328
2028-04-10,31419.41015625,255.59515380859375
2028-04-11,32994.1484375,264.69140625
2028-04-12,33349.29296875,253.37628173828125
2028-04-13,32838.52734375,240.25108337402344
2028-04-14,32580.63671875,246.8209991455078
2028-04-15,28358.564453125,209.1074981689453
2028-04-16,25527.81640625,196.5232391357422
2028-04-17,31810.669921875,234.802490234375
2028-04-18,32978.52734375,237.83029174804688
2028-04-19,33351.921875,233.56814575195312
2028-04-20,32874.92578125,229.1875457763672
2028-04-21,32635.78125,239.35350036621097
2028-04-22,28383.818359375,222.8314971923828
2028-04-23,25503.537109375,199.4308624267578
2028-04-24,31881.99609375,223.7313232421875
2028-04-25,32916.671875,233.088134765625
2028-04-26,33256.94140625,224.2396240234375
2028-04-27,32832.64453125,228.53857421875
2028-04-28,32580.76953125,233.05311584472656
2028-04-29,28352.97265625,198.95494079589844
2028-04-30,25206.955078125,178.39120483398438
2028-05-01,32202.341796875,207.53529357910156
2028-05-02,33376.12890625,221.24119567871097
2028-05-03,33533.49609375,222.6824188232422
2028-05-04,33078.66015625,221.1280059814453
2028-05-05,32751.318359375,212.40890502929688
2028-05-06,28290.5078125,208.8146820068359
2028-05-07,25368.984375,191.65953063964844
2028-05-08,32222.47265625,215.6348876953125
2028-05-09,33381.15625,224.97596740722656
2028-05-10,33600.69921875,214.68606567382812
2028-05-11,32975.6953125,215.71585083007812
2028-05-12,32718.6171875,221.7277984619141
2028-05-13,28409.3671875,212.4045562744141
2028-05-14,25374.26171875,206.0648651123047
2028-05-15,32222.47265625,226.5498504638672
2028-05-16,33366.5078125,230.24908447265625
2028-05-17,33411.10546875,233.58834838867188
2028-05-18,32943.01171875,236.41946411132812
2028-05-19,32718.6171875,244.52078247070312
2028-05-20,28434.04296875,227.09715270996097
2028-05-21,25463.6953125,212.85345458984375
2028-05-22,32156.52734375,246.87648010253903
2028-05-23,33389.05859375,251.7308654785156
2028-05-24,33475.26171875,253.89593505859375
2028-05-25,32938.8984375,258.0348815917969
2028-05-26,32699.701171875,266.97760009765625
2028-05-27,28402.177734375,221.3565673828125
2028-05-28,25385.701171875,208.0980682373047
2028-05-29,32001.90625,260.6767578125
2028-05-30,33238.89453125,263.5514221191406
2028-05-31,33039.46875,263.2100524902344
2028-06-01,31887.13671875,264.6933898925781
2028-06-02,32095.1953125,258.5116882324219
2028-06-03,28665.83203125,231.3699493408203
2028-06-04,26009.88671875,222.3285675048828
2028-06-05,33906.40625,264.6881408691406
2028-06-06,34938.39453125,255.5020751953125
2028-06-07,35044.484375,248.81654357910156
2028-06-08,34865.83984375,253.90252685546875
2028-06-09,34736.1171875,257.16693115234375
2028-06-10,29527.900390625,224.97669982910156
2028-06-11,26673.931640625,210.5345001220703
2028-06-12,34565.91796875,248.7282562255859
2028-06-13,35928.39453125,255.2961883544922
2028-06-14,36124.0390625,262.3244323730469
2028-06-15,35982.21875,260.1459655761719
2028-06-16,35618.50390625,259.8198547363281
2028-06-17,30424.056640625,231.5575256347656
2028-06-18,26957.609375,223.8582000732422
2028-06-19,35335.8359375,269.77593994140625
2028-06-20,37064.73046875,278.525634765625
2028-06-21,36997.6328125,284.28985595703125
2028-06-22,36538.48046875,286.88787841796875
2028-06-23,35993.44921875,293.1043701171875
2028-06-24,30560.57421875,265.01885986328125
2028-06-25,27101.173828125,240.13038635253903
2028-06-26,35483.05078125,295.783935546875
2028-06-27,37202.5703125,311.7580261230469
2028-06-28,37315.328125,314.3427734375
2028-06-29,37008.27734375,311.89166259765625
2028-06-30,36592.7421875,311.5660400390625
2028-07-01,31676.83984375,287.4655456542969
2028-07-02,27693.041015625,290.5291748046875
2028-07-03,36350.40625,323.580810546875
2028-07-04,37770.73046875,311.6781921386719
2028-07-05,37275.91015625,309.0416564941406
2028-07-06,37138.4296875,305.5998229980469
2028-07-07,36668.23046875,305.9429931640625
2028-07-08,31822.8828125,292.0142822265625
2028-07-09,28337.07421875,287.9600524902344
2028-07-10,37263.43359375,312.7013854980469
2028-07-11,38690.88671875,312.7315673828125
2028-07-12,37974.2109375,312.3125915527344
2028-07-13,37043.24609375,308.7181396484375
2028-07-14,36839.2734375,307.8263854980469
2028-07-15,31798.748046875,292.1470947265625
2028-07-16,28533.6640625,289.013427734375
2028-07-17,37404.44140625,314.5104675292969
2028-07-18,38991.0078125,308.1208190917969
2028-07-19,38233.5234375,310.4945068359375
2028-07-20,37724.14453125,282.8409729003906
2028-07-21,37492.26953125,285.6201477050781
2028-07-22,32058.701171875,272.79083251953125
2028-07-23,28743.291015625,258.5138854980469
2028-07-24,37589.2890625,294.06317138671875
2028-07-25,38902.71484375,301.23858642578125
2028-07-26,38153.328125,286.87054443359375
2028-07-27,37891.83203125,287.2400207519531
2028-07-28,37381.91796875,287.0645751953125
2028-07-29,31916.5078125,269.1884765625
2028-07-30,28783.373046875,261.2679138183594
2028-07-31,37368.32421875,288.0018310546875
2028-08-01,38753.19921875,291.0514831542969
2028-08-02,37670.91796875,288.8959655761719
2028-08-03,37039.1171875,283.2963562011719
2028-08-04,36355.171875,281.056884765625
2028-08-05,31032.9375,271.1878356933594
2028-08-06,27859.693359375,258.1737060546875
2028-08-07,35668.0234375,287.6050109863281
2028-08-08,35777.21484375,293.2922668457031
2028-08-09,35068.80859375,289.05474853515625
2028-08-10,34580.16796875,283.090576171875
2028-08-11,34422.2734375,280.5770263671875
2028-08-12,30457.35546875,266.568603515625
2028-08-13,27452.248046875,246.2517547607422
2028-08-14,34251.8828125,282.99871826171875
2028-08-15,35163.49609375,285.54132080078125
2028-08-16,34839.2421875,282.28662109375
2028-08-17,34250.10546875,276.82305908203125
2028-08-18,34166.7109375,276.380126953125
2028-08-19,30358.630859375,248.9040374755859
2028-08-20,27468.224609375,243.4459991455078
2028-08-21,34672.9765625,284.36529541015625
2028-08-22,35710.3828125,299.38690185546875
2028-08-23,35498.88671875,285.82958984375
2028-08-24,35276.58203125,283.1378479003906
2028-08-25,35017.71875,285.9888610839844
2028-08-26,30673.2734375,270.8445739746094
2028-08-27,27664.69140625,269.00506591796875
2028-08-28,35467.6015625,305.10491943359375
2028-08-29,36501.8671875,309.6009216308594
2028-08-30,36197.29296875,286.7098388671875
2028-08-31,35617.43359375,285.93475341796875
2028-09-01,35030.81640625,284.0982666015625
2028-09-02,30356.205078125,270.4447937011719
2028-09-03,27286.5390625,259.3848571777344
2028-09-04,34598.84375,293.58135986328125
2028-09-05,35823.6640625,302.3753967285156
2028-09-06,35401.69921875,286.6955261230469
2028-09-07,35107.78125,285.7694396972656
2028-09-08,34620.5390625,283.805908203125
2028-09-09,30275.546875,270.2159423828125
2028-09-10,27171.9453125,260.4920654296875
2028-09-11,34626.44140625,293.6605224609375
2028-09-12,35594.8984375,307.47393798828125
2028-09-13,35196.8671875,289.1306457519531
2028-09-14,34953.6640625,288.3561096191406
2028-09-15,34708.546875,286.1538391113281
2028-09-16,29947.927734375,269.97552490234375
2028-09-17,26706.662109375,260.961181640625
2028-09-18,33921.0546875,294.2821960449219
2028-09-19,34802.796875,306.3386535644531
2028-09-20,34644.8671875,289.1580505371094
2028-09-21,34479.98828125,286.0150146484375
2028-09-22,34209.40625,285.8506164550781
2028-09-23,29641.3671875,270.5380859375
2028-09-24,26341.390625,261.6070556640625
2028-09-25,33586.609375,294.2311706542969
2028-09-26,34679.82421875,304.4406433105469
2028-09-27,34529.3671875,287.56658935546875
2028-09-28,34280.2734375,283.9477233886719
2028-09-29,33976.88671875,286.8890380859375
2028-09-30,29329.501953125,271.7978210449219
2028-10-01,26176.36328125,261.0089416503906
2028-10-02,33495.50390625,293.81903076171875
2028-10-03,34511.20703125,304.80120849609375
2028-10-04,34420.98046875,287.6855773925781
2028-10-05,34110.81640625,287.769287109375
2028-10-06,33798.46484375,287.4261779785156
2028-10-07,28815.17578125,264.6837158203125
2028-10-08,25851.494140625,245.2439117431641
2028-10-09,33087.61328125,289.2751770019531
2028-10-10,34154.73046875,302.5857849121094
2028-10-11,33784.2890625,284.4783020019531
2028-10-12,33455.6875,279.6187438964844
2028-10-13,33232.20703125,281.1812438964844
2028-10-14,28767.330078125,262.3136291503906
2028-10-15,25873.96875,245.21417236328125
2028-10-16,33065.8359375,284.9892578125
2028-10-17,34070.359375,298.1346435546875
2028-10-18,33808.609375,284.9019470214844
2028-10-19,33408.890625,280.9668273925781
2028-10-20,33056.6015625,277.0941467285156
2028-10-21,28656.97265625,262.7731018066406
2028-10-22,25614.494140625,244.35690307617188
2028-10-23,32185.998046875,282.32452392578125
2028-10-24,33788.8671875,295.27508544921875
2028-10-25,33641.69140625,282.4857177734375
2028-10-26,33427.26953125,276.8615417480469
2028-10-27,33288.5546875,280.6613464355469
2028-10-28,28912.15234375,259.7655029296875
2028-10-29,25927.9140625,246.11322021484375
2028-10-30,32637.49609375,282.5310363769531
2028-10-31,33164.71875,294.57720947265625
2028-11-01,32862.44140625,282.038818359375
2028-11-02,33671.203125,282.3136901855469
2028-11-03,33568.89453125,278.3970642089844
2028-11-04,29407.18359375,263.0191345214844
2028-11-05,26472.529296875,246.8492889404297
2028-11-06,33536.6484375,289.48760986328125
2028-11-07,34549.8671875,301.3885192871094
2028-11-08,34418.30078125,283.0838928222656
2028-11-09,34171.1875,279.8435363769531
2028-11-10,33864.13671875,285.2930908203125
2028-11-11,29560.826171875,260.01116943359375
2028-11-12,26765.193359375,247.8680877685547
2028-11-13,34256.94921875,290.0062561035156
2028-11-14,35252.765625,301.6722717285156
2028-11-15,35045.35546875,285.33843994140625
2028-11-16,34739.73046875,283.4898681640625
2028-11-17,34104.19921875,284.3669738769531
2028-11-18,29086.326171875,267.04180908203125
2028-11-19,26563.64453125,255.97499084472656
2028-11-20,34128.76171875,290.84368896484375
2028-11-21,35019.46484375,307.7464904785156
2028-11-22,34843.7578125,289.02764892578125
2028-11-23,34361.0859375,285.81878662109375
2028-11-24,33941.53515625,284.07818603515625
2028-11-25,28874.484375,267.0661315917969
2028-11-26,26445.595703125,248.22586059570312
2028-11-27,34082.00390625,294.8740234375
2028-11-28,35009.7109375,304.38531494140625
2028-11-29,34682.8828125,287.8448791503906
2028-11-30,34232.265625,285.75750732421875
2028-12-01,33499.4609375,285.639892578125
2028-12-02,28654.0390625,265.3017883300781
2028-12-03,25623.892578125,252.60238647460935
2028-12-04,33044.2578125,286.9170837402344
2028-12-05,34428.01171875,302.8983154296875
2028-12-06,32297.44140625,280.17205810546875
2028-12-07,31623.95703125,277.51763916015625
2028-12-08,32411.69140625,281.2010192871094
2028-12-09,28728.87109375,263.75579833984375
2028-12-10,26246.978515625,244.7471466064453
2028-12-11,33674.9453125,287.09771728515625
2028-12-12,34473.89453125,300.7696533203125
2028-12-13,34111.9765625,289.8582458496094
2028-12-14,33660.56640625,281.1284484863281
2028-12-15,32599.568359375,276.15386962890625
2028-12-16,28557.82421875,244.47459411621097
2028-12-17,25882.525390625,242.3698272705078
2028-12-18,32988.640625,277.3070373535156
2028-12-19,33457.78125,297.3314208984375
2028-12-20,32583.453125,268.76580810546875
2028-12-21,31600.52734375,252.0936584472656
2028-12-22,30439.21484375,251.44546508789065
2028-12-23,26422.015625,229.6916046142578
2028-12-24,23787.619140625,223.8804626464844
2028-12-25,29583.552734375,256.9676818847656
2028-12-26,30726.806640625,244.2795562744141
2028-12-27,30688.73046875,236.311279296875
2028-12-28,30921.859375,227.7645568847656
2028-12-29,30664.080078125,223.2224273681641
2028-12-30,27046.40625,202.19451904296875
2028-12-31,23844.115234375,179.42532348632812
2029-01-01,30615.96875,210.7902374267578
2029-01-02,31236.40625,219.97100830078125
2029-01-03,31961.134765625,211.4781188964844
2029-01-04,31631.623046875,213.5071563720703
2029-01-05,31572.5703125,230.96002197265625
2029-01-06,27654.03125,233.24366760253903
2029-01-07,25206.404296875,223.205078125
2029-01-08,32123.6875,232.6486968994141
2029-01-09,33540.0,235.0201873779297
2029-01-10,34157.1015625,234.5474395751953
2029-01-11,34210.11328125,228.4954071044922
2029-01-12,33763.29296875,233.4231719970703
2029-01-13,28995.33984375,214.3240509033203
2029-01-14,26319.666015625,204.18881225585935
2029-01-15,34165.265625,235.5025634765625
2029-01-16,35168.05078125,235.4326934814453
2029-01-17,34983.4296875,228.8232421875
2029-01-18,34701.67578125,225.96237182617188
2029-01-19,34253.4765625,232.88604736328125
2029-01-20,29083.892578125,212.50833129882812
2029-01-21,26863.259765625,210.62353515625
2029-01-22,34085.0859375,234.58790588378903
2029-01-23,34952.67578125,238.79232788085935
2029-01-24,34929.82421875,229.4241943359375
2029-01-25,34582.59375,235.7175750732422
2029-01-26,34263.65625,239.6002197265625
2029-01-27,29124.5390625,224.6905059814453
2029-01-28,26650.93359375,206.2821502685547
2029-01-29,34105.32421875,230.6082763671875
2029-01-30,34874.8984375,230.2571258544922
2029-01-31,34845.67578125,230.8163146972656
2029-02-01,34422.640625,229.8891143798828
2029-02-02,34091.70703125,232.35189819335935
2029-02-03,28844.810546875,210.94546508789065
2029-02-04,26458.619140625,205.37350463867188
2029-02-05,33953.875,225.71017456054688
2029-02-06,34881.15234375,222.52203369140625
2029-02-07,34766.96875,214.39794921875
2029-02-08,34374.3984375,216.16183471679688
2029-02-09,33897.0625,218.55303955078125
2029-02-10,28843.34375,202.7352752685547
2029-02-11,25854.32421875,186.8502197265625
2029-02-12,33478.27734375,203.94845581054688
2029-02-13,34516.7578125,210.99082946777344
2029-02-14,34345.20703125,199.6745147705078
2029-02-15,33980.08203125,189.09103393554688
2029-02-16,33685.9375,198.31710815429688
2029-02-17,28332.896484375,184.6140289306641
2029-02-18,25414.51953125,188.55079650878903
2029-02-19,32486.93359375,207.3409118652344
2029-02-20,33866.00390625,204.5069122314453
2029-02-21,33636.68359375,218.89117431640625
2029-02-22,33194.98046875,230.5614013671875
2029-02-23,32920.0234375,242.58709716796875
2029-02-24,28220.734375,230.29197692871097
2029-02-25,25301.029296875,211.8921356201172
2029-02-26,32070.4375,247.9531707763672
2029-02-27,33442.125,268.8043212890625
2029-02-28,33262.328125,273.9159851074219
2029-03-01,32941.0234375,273.8067321777344
2029-03-02,32613.66796875,292.19561767578125
2029-03-03,28341.669921875,268.77960205078125
2029-03-04,25278.32421875,283.15643310546875
2029-03-05,31683.306640625,355.6274108886719
2029-03-06,32860.85546875,384.965087890625
2029-03-07,33033.69921875,392.9263610839844
2029-03-08,32808.94921875,457.3536682128906
2029-03-09,32522.271484375,488.5478210449219
2029-03-10,27906.76953125,404.5887145996094
2029-03-11,24999.69921875,348.3019714355469
2029-03-12,31323.0234375,365.2183532714844
2029-03-13,32961.2578125,359.4201965332031
2029-03-14,33011.48828125,350.7096862792969
2029-03-15,32836.671875,359.70196533203125
2029-03-16,32647.822265625,347.6108703613281
2029-03-17,28244.224609375,328.17474365234375
2029-03-18,25225.533203125,296.36932373046875
2029-03-19,31412.125,315.45709228515625
2029-03-20,32977.76953125,311.0050354003906
2029-03-21,33017.4140625,302.64569091796875
2029-03-22,32946.03125,284.9742736816406
2029-03-23,32669.0859375,287.3799133300781
2029-03-24,28308.046875,280.3458251953125
2029-03-25,25473.9296875,290.9844055175781
2029-03-26,31430.86328125,309.9727783203125
2029-03-27,32956.59375,299.7349853515625
2029-03-28,33200.70703125,301.619873046875
2029-03-29,32998.9765625,299.8129577636719
2029-03-30,32623.28515625,300.8855895996094
2029-03-31,28333.87109375,284.4273376464844
2029-04-01,25494.740234375,278.2895202636719
2029-04-02,31409.765625,329.730712890625
2029-04-03,32976.7265625,326.2535095214844
2029-04-04,33339.2265625,288.26641845703125
2029-04-05,32848.0546875,278.3521728515625
2029-04-06,32598.013671875,290.102294921875
2029-04-07,28324.140625,256.09368896484375
2029-04-08,25329.43359375,231.0584259033203
2029-04-09,31480.05078125,280.5101013183594
2029-04-10,33004.1796875,291.7023010253906
2029-04-11,33329.203125,263.1159973144531
2029-04-12,32886.70703125,265.0156555175781
2029-04-13,32629.24609375,264.1900939941406
2029-04-14,28323.25,236.3603515625
2029-04-15,25489.560546875,214.51258850097656
2029-04-16,31466.900390625,256.9000549316406
2029-04-17,33004.09375,251.66416931152344
2029-04-18,33347.81640625,252.0695648193359
2029-04-19,32872.0703125,251.5725860595703
2029-04-20,32635.97265625,257.1197204589844
2029-04-21,28376.3515625,215.63595581054688
2029-04-22,25514.66796875,207.94869995117188
2029-04-23,31810.4609375,242.9755859375
2029-04-24,32887.296875,245.83433532714844
2029-04-25,33205.46484375,243.8429412841797
2029-04-26,32773.703125,242.857421875
2029-04-27,32483.935546875,245.0250701904297
2029-04-28,28120.5390625,207.05596923828125
2029-04-29,25484.2890625,199.1724090576172
2029-04-30,31881.478515625,226.8141632080078
2029-05-01,32312.337890625,239.9903259277344
2029-05-02,33190.45703125,239.09542846679688
2029-05-03,32965.03125,244.46913146972656
2029-05-04,32865.53515625,248.65968322753903
2029-05-05,28644.55859375,222.74163818359375
2029-05-06,25478.166015625,207.28857421875
2029-05-07,32213.259765625,232.93814086914065
2029-05-08,33571.671875,248.6599884033203
2029-05-09,33724.8984375,247.02142333984375
2029-05-10,33277.08203125,253.50990295410156
2029-05-11,32980.46875,251.22879028320312
2029-05-12,28552.10546875,203.36810302734375
2029-05-13,25488.87890625,185.24365234375
2029-05-14,32243.33984375,219.70755004882812
2029-05-15,33624.1171875,239.02772521972656
2029-05-16,33826.33984375,234.6553192138672
2029-05-17,33240.33984375,231.09005737304688
2029-05-18,32939.39453125,237.50018310546875
2029-05-19,28192.9765625,213.09999084472656
2029-05-20,25500.369140625,198.7420959472656
2029-05-21,32242.33984375,230.27212524414065
2029-05-22,33621.34375,238.58441162109375
2029-05-23,33378.828125,237.0408172607422
2029-05-24,33083.33203125,235.9720001220703
2029-05-25,32698.68359375,243.56710815429688
2029-05-26,28365.439453125,218.6270446777344
2029-05-27,25436.498046875,206.4628143310547
2029-05-28,32187.474609375,239.85842895507812
2029-05-29,33399.2421875,236.94200134277344
2029-05-30,33420.60546875,236.51426696777344
2029-05-31,33035.41796875,237.3603057861328
2029-06-01,31747.556640625,252.39654541015625
2029-06-02,27410.98828125,215.37387084960935
2029-06-03,25690.244140625,210.5030517578125
2029-06-04,33842.35546875,244.1038055419922
2029-06-05,34779.99609375,242.47262573242188
2029-06-06,34768.7578125,250.1832275390625
2029-06-07,34370.3515625,243.45248413085935
2029-06-08,33939.234375,246.1852264404297
2029-06-09,28773.619140625,207.43701171875
2029-06-10,26380.46484375,192.4825439453125
2029-06-11,34303.8359375,233.8649749755859
2029-06-12,35658.37109375,236.33529663085935
2029-06-13,35620.19921875,241.062255859375
2029-06-14,35452.375,259.124267578125
2029-06-15,35046.53515625,264.3116760253906
2029-06-16,29434.33203125,241.7359619140625
2029-06-17,26530.748046875,233.4007568359375
2029-06-18,34695.40625,261.152099609375
2029-06-19,36183.9296875,269.60772705078125
2029-06-20,36236.66015625,288.8621520996094
2029-06-21,35884.87109375,289.8222961425781
2029-06-22,35567.8515625,289.1790771484375
2029-06-23,30191.732421875,282.206787109375
2029-06-24,27015.654296875,282.27874755859375
2029-06-25,35447.5703125,321.3191833496094
2029-06-26,37267.625,316.5140686035156
2029-06-27,37495.89453125,318.3994445800781
2029-06-28,37192.15234375,319.76513671875
2029-06-29,36761.25,316.01190185546875
2029-06-30,31432.705078125,302.3508605957031
2029-07-01,27721.9765625,296.20050048828125
2029-07-02,36496.62890625,323.1824645996094
2029-07-03,38258.859375,312.17828369140625
2029-07-04,37871.72265625,312.02532958984375
2029-07-05,37185.015625,308.0615234375
2029-07-06,36928.59375,306.13958740234375
2029-07-07,31903.826171875,296.8670959472656
2029-07-08,28494.478515625,291.2649841308594
2029-07-09,37329.421875,315.3145751953125
2029-07-10,39052.8046875,312.6369934082031
2029-07-11,38207.48828125,314.95831298828125
2029-07-12,37703.265625,307.4794006347656
2029-07-13,37393.23046875,308.5458984375
2029-07-14,31937.140625,291.5938720703125
2029-07-15,28640.158203125,289.58123779296875
2029-07-16,37301.49609375,317.8933410644531
2029-07-17,39234.4296875,311.82635498046875
2029-07-18,39069.875,309.9814758300781
2029-07-19,38429.77734375,305.7643737792969
2029-07-20,37735.8046875,281.7247314453125
2029-07-21,31854.423828125,272.13323974609375
2029-07-22,28523.6171875,259.012451171875
2029-07-23,37663.57421875,289.6769714355469
2029-07-24,39383.27734375,292.36895751953125
2029-07-25,39072.75,290.142822265625
2029-07-26,38368.6171875,288.1102294921875
2029-07-27,37745.9296875,287.03021240234375
2029-07-28,31764.255859375,269.3338928222656
2029-07-29,28315.302734375,261.4476623535156
2029-07-30,37729.74609375,291.3746337890625
2029-07-31,39409.3984375,292.6175842285156
2029-08-01,38899.1640625,290.1572570800781
2029-08-02,38080.51171875,283.593505859375
2029-08-03,37095.0703125,281.6636657714844
2029-08-04,31394.982421875,269.62945556640625
2029-08-05,28186.375,257.87139892578125
2029-08-06,35602.4375,286.41571044921875
2029-08-07,36463.08203125,291.1412658691406
2029-08-08,35805.6171875,289.05474853515625
2029-08-09,35027.7109375,282.8240661621094
2029-08-10,34642.95703125,280.4690856933594
2029-08-11,30804.814453125,268.6925964355469
2029-08-12,27948.013671875,258.76470947265625
2029-08-13,34695.12890625,287.922607421875
2029-08-14,35612.84765625,293.3148193359375
2029-08-15,35261.37890625,287.6044616699219
2029-08-16,34670.4453125,282.50372314453125
2029-08-17,34366.8203125,279.8467102050781
2029-08-18,30516.4921875,271.378173828125
2029-08-19,27599.400390625,260.37847900390625
2029-08-20,34928.31640625,293.85211181640625
2029-08-21,35900.75,304.59613037109375
2029-08-22,35670.23828125,286.978515625
2029-08-23,35261.2734375,286.0723571777344
2029-08-24,35012.33203125,286.28106689453125
2029-08-25,30524.111328125,266.8113098144531
2029-08-26,27533.75,248.36062622070312
2029-08-27,35253.40234375,292.43682861328125
2029-08-28,36328.4609375,304.4870300292969
2029-08-29,35971.50390625,286.869384765625
2029-08-30,35653.68359375,285.9632263183594
2029-08-31,34968.3359375,284.2388610839844
2029-09-01,30176.427734375,272.672607421875
2029-09-02,27127.361328125,269.0417785644531
2029-09-03,34593.2578125,304.8614501953125
2029-09-04,35754.7265625,310.75628662109375
2029-09-05,35350.625,289.1371154785156
2029-09-06,34685.49609375,286.0370788574219
2029-09-07,34564.00390625,284.07354736328125
2029-09-08,29928.625,270.0466613769531
2029-09-09,26663.537109375,259.9374694824219
2029-09-10,34052.86328125,293.8864440917969
2029-09-11,34955.0625,302.8838195800781
2029-09-12,34643.19140625,287.4114074707031
2029-09-13,34478.1015625,286.3397216796875
2029-09-14,34274.64453125,284.0979309082031
2029-09-15,29522.23828125,272.42193603515625
2029-09-16,26383.3125,261.2312927246094
2029-09-17,33588.67578125,293.78753662109375
2029-09-18,34536.8046875,305.0545349121094
2029-09-19,34509.80078125,286.9470520019531
2029-09-20,34347.67578125,285.8753662109375
2029-09-21,34012.6875,286.1451110839844
2029-09-22,29279.08203125,267.8194274902344
2029-09-23,26194.8359375,259.595947265625
2029-09-24,33526.86328125,294.2303466796875
2029-09-25,34535.171875,308.242431640625
2029-09-26,34401.66796875,287.56658935546875
2029-09-27,34060.15625,286.40008544921875
2029-09-28,33769.29296875,286.5301818847656
2029-09-29,28825.89453125,271.7978210449219
2029-09-30,25851.494140625,262.3405456542969
2029-10-01,33087.61328125,295.4385070800781
2029-10-02,34154.73046875,302.7417297363281
2029-10-03,33813.07421875,286.6937255859375
2029-10-04,33579.09375,282.12744140625
2029-10-05,33400.765625,284.3472900390625
2029-10-06,28520.900390625,268.82550048828125
2029-10-07,25568.30078125,261.2929382324219
2029-10-08,32115.359375,291.7331237792969
2029-10-09,33673.8671875,302.5857849121094
2029-10-10,33614.29296875,284.4783020019531
2029-10-11,33470.859375,283.3308410644531
2029-10-12,33258.71875,280.84674072265625
2029-10-13,28494.505859375,269.3760681152344
2029-10-14,25639.37109375,258.3011169433594
2029-10-15,32228.890625,292.5569763183594
2029-10-16,33610.9140625,302.9202880859375
2029-10-17,33625.52734375,285.16180419921875
2029-10-18,33447.15234375,284.7013854980469
2029-10-19,33288.5546875,284.6549377441406
2029-10-20,28922.0859375,266.7312316894531
2029-10-21,25931.763671875,246.3043212890625
2029-10-22,33214.03125,290.6701965332031
2029-10-23,34092.17578125,301.8609619140625
2029-10-24,33840.6796875,283.7118225097656
2029-10-25,33587.84765625,277.89501953125
2029-10-26,33305.91796875,279.7738037109375
2029-10-27,28786.7109375,261.9298095703125
2029-10-28,25917.3984375,244.64651489257812
2029-10-29,33084.73828125,282.3908996582031
2029-10-30,34072.0234375,295.0980529785156
2029-10-31,33602.15625,282.72802734375
2029-11-01,31040.07421875,280.83770751953125
2029-11-02,31780.779296875,282.23602294921875
2029-11-03,28178.814453125,260.6507568359375
2029-11-04,26071.392578125,248.7175445556641
2029-11-05,33436.05859375,287.1911315917969
2029-11-06,34112.109375,297.5939025878906
2029-11-07,33859.20703125,285.81561279296875
2029-11-08,33129.41015625,281.09271240234375
2029-11-09,33508.75390625,281.12762451171875
2029-11-10,28802.630859375,264.20733642578125
2029-11-11,26521.341796875,248.14796447753903
2029-11-12,33678.97265625,288.7511901855469
2029-11-13,34569.94921875,298.8541259765625
2029-11-14,34474.8046875,285.963134765625
2029-11-15,34186.734375,281.3333740234375
2029-11-16,33940.8359375,281.15594482421875
2029-11-17,28945.490234375,262.5418395996094
2029-11-18,26685.919921875,248.50796508789065
2029-11-19,34175.40625,290.64788818359375
2029-11-20,35190.296875,301.4703063964844
2029-11-21,34924.6328125,286.9089050292969
2029-11-22,34511.296875,285.94232177734375
2029-11-23,34096.0703125,284.44036865234375
2029-11-24,28782.212890625,264.74737548828125
2029-11-25,26470.033203125,255.6366424560547
2029-11-26,34045.7734375,290.13775634765625
2029-11-27,34948.43359375,307.0988464355469
2029-11-28,34624.73828125,287.9331359863281
2029-11-29,34176.16015625,285.27484130859375
2029-11-30,33881.60546875,284.38189697265625
2029-12-01,29082.185546875,265.75018310546875
2029-12-02,26559.46875,250.1828460693359
2029-12-03,34058.89453125,294.6912536621094
2029-12-04,34895.26953125,300.5628662109375
2029-12-05,34365.6796875,287.1812438964844
2029-12-06,33486.375,281.7403869628906
2029-12-07,31877.447265625,277.4184265136719
2029-12-08,27649.6171875,261.37799072265625
2029-12-09,25469.3359375,259.2876892089844
2029-12-10,32789.94140625,293.35150146484375
2029-12-11,34301.54296875,306.45831298828125
2029-12-12,33601.80078125,288.4844055175781
2029-12-13,33028.71875,286.0585021972656
2029-12-14,32691.21875,287.8559265136719
2029-12-15,28290.04296875,264.2644348144531
2029-12-16,25497.091796875,247.1242828369141
2029-12-17,31407.37109375,282.96429443359375
2029-12-18,32976.17578125,300.07952880859375
2029-12-19,32701.6640625,291.5384826660156
2029-12-20,31843.431640625,285.76422119140625
2029-12-21,31312.990234375,267.7176513671875
2029-12-22,27268.10546875,230.51158142089844
2029-12-23,24128.783203125,233.8210296630859
2029-12-24,29582.396484375,259.1946105957031
2029-12-25,30449.66015625,245.5934906005859
2029-12-26,30176.970703125,252.47579956054688
2029-12-27,30340.4296875,235.34930419921875
2029-12-28,30326.37890625,221.958740234375
2029-12-29,26939.626953125,204.49606323242188
2029-12-30,23964.28515625,197.5772705078125
2029-12-31,30134.21484375,214.3118133544922
