Date,total_res_mw,price_eur_mwh
2025-01-01,6402.10986328125,133.2549591064453
2025-01-02,9609.7763671875,136.10475158691406
2025-01-03,10617.9228515625,138.35215759277344
2025-01-04,10695.9677734375,132.82745361328125
2025-01-05,10736.2421875,139.48532104492188
2025-01-06,11578.0400390625,154.3516387939453
2025-01-07,12027.888671875,164.33316040039062
2025-01-08,11217.46875,163.60691833496094
2025-01-09,10767.0361328125,168.1082305908203
2025-01-10,10735.59375,173.52210998535156
2025-01-11,10339.947265625,163.05059814453125
2025-01-12,10228.2763671875,170.33584594726562
2025-01-13,10913.5341796875,181.93565368652344
2025-01-14,11095.1181640625,185.05322265625
2025-01-15,11084.548828125,194.6598663330078
2025-01-16,10742.5,198.30126953125
2025-01-17,10457.63671875,199.31460571289065
2025-01-18,10251.8505859375,178.69720458984375
2025-01-19,10203.384765625,176.99838256835938
2025-01-20,10800.11328125,188.62266540527344
2025-01-21,11058.076171875,185.6551818847656
2025-01-22,11001.1455078125,183.6094665527344
2025-01-23,10739.9580078125,196.1927795410156
2025-01-24,10543.1884765625,184.0292510986328
2025-01-25,10398.46484375,178.25265502929688
2025-01-26,10321.70703125,180.73764038085935
2025-01-27,10820.9052734375,190.9896697998047
2025-01-28,11000.1513671875,198.1263732910156
2025-01-29,10943.220703125,205.87022399902344
2025-01-30,10540.3642578125,216.7563934326172
2025-01-31,10448.1728515625,210.9584197998047
2025-02-01,10255.4638671875,201.80519104003903
2025-02-02,10176.12890625,189.07437133789065
2025-02-03,10720.255859375,200.2657928466797
2025-02-04,10696.0009765625,215.35401916503903
2025-02-05,10523.3046875,225.3568420410156
2025-02-06,10438.5693359375,219.427978515625
2025-02-07,10352.623046875,220.4427032470703
2025-02-08,10118.5732421875,210.7548370361328
2025-02-09,10205.130859375,199.1223907470703
2025-02-10,10738.869140625,220.92984008789065
2025-02-11,10650.0283203125,220.3223419189453
2025-02-12,10494.541015625,220.9797821044922
2025-02-13,10374.8583984375,222.18524169921875
2025-02-14,10357.017578125,226.5562744140625
2025-02-15,10154.5556640625,213.0382843017578
2025-02-16,10138.8193359375,208.77371215820312
2025-02-17,10654.7275390625,233.3832092285156
2025-02-18,10599.1376953125,236.71145629882812
2025-02-19,10250.2265625,237.72593688964844
2025-02-20,10151.388671875,245.80569458007812
2025-02-21,10185.93359375,251.95962524414065
2025-02-22,9990.3193359375,226.47264099121097
2025-02-23,9812.5224609375,222.3207550048828
2025-02-24,10454.412109375,250.8526611328125
2025-02-25,10429.6845703125,260.34539794921875
2025-02-26,10234.7314453125,257.802978515625
2025-02-27,10176.564453125,257.87890625
2025-02-28,10211.109375,271.1906433105469
2025-03-01,9980.6015625,238.2161865234375
2025-03-02,9747.8173828125,217.69569396972656
2025-03-03,10396.6513671875,267.05853271484375
2025-03-04,10393.8564453125,275.9101257324219
2025-03-05,10000.3662109375,286.3843688964844
2025-03-06,9836.75390625,300.3524169921875
2025-03-07,9872.4873046875,319.0469970703125
2025-03-08,9643.880859375,306.4810791015625
2025-03-09,9503.494140625,319.05291748046875
2025-03-10,10007.693359375,329.0234680175781
2025-03-11,9969.9052734375,315.79681396484375
2025-03-12,9798.7548828125,311.4267578125
2025-03-13,9741.0712890625,308.3736877441406
2025-03-14,9779.5341796875,298.7955627441406
2025-03-15,9613.4560546875,281.57470703125
2025-03-16,9531.4794921875,278.5846862792969
2025-03-17,10013.322265625,305.8755187988281
2025-03-18,9997.890625,298.571533203125
2025-03-19,9858.3759765625,290.650146484375
2025-03-20,9822.5859375,285.2526550292969
2025-03-21,9857.130859375,289.1333312988281
2025-03-22,9718.9970703125,274.34417724609375
2025-03-23,9564.482421875,262.4856262207031
2025-03-24,10028.7734375,287.21429443359375
2025-03-25,10023.3447265625,296.4849548339844
2025-03-26,9844.421875,291.6065979003906
2025-03-27,9822.5859375,287.20074462890625
2025-03-28,9883.2626953125,291.4090881347656
2025-03-29,9827.4365234375,276.305419921875
2025-03-30,9689.6904296875,262.28253173828125
2025-03-31,10053.884765625,291.09161376953125
2025-04-01,10091.177734375,294.8728942871094
2025-04-02,10009.857421875,297.2185974121094
2025-04-03,9930.1943359375,293.2192687988281
2025-04-04,9988.4970703125,289.1866455078125
2025-04-05,9908.6279296875,259.3482971191406
2025-04-06,9795.9365234375,234.4599151611328
2025-04-07,10164.5654296875,269.319091796875
2025-04-08,10188.376953125,273.476318359375
2025-04-09,10114.8291015625,269.7730407714844
2025-04-10,10103.681640625,267.00311279296875
2025-04-11,10150.8798828125,255.7491455078125
2025-04-12,10066.4580078125,226.09603881835935
2025-04-13,9942.9619140625,214.46707153320312
2025-04-14,10208.3701171875,258.8536376953125
2025-04-15,10236.8310546875,255.07130432128903
2025-04-16,10153.9873046875,254.6157684326172
2025-04-17,10142.83984375,253.7799835205078
2025-04-18,10177.384765625,246.58563232421875
2025-04-19,10037.7548828125,212.9601898193359
2025-04-20,9847.0087890625,203.33595275878903
2025-04-21,10224.3212890625,236.41371154785156
2025-04-22,10250.8515625,237.2681884765625
2025-04-23,10181.9619140625,236.74972534179688
2025-04-24,10138.19921875,228.7842712402344
2025-04-25,10191.3388671875,237.8347015380859
2025-04-26,10062.4921875,213.2295684814453
2025-04-27,9962.6220703125,200.71632385253903
2025-04-28,10232.5947265625,223.5836639404297
2025-04-29,10232.1904296875,222.79342651367188
2025-04-30,10149.3466796875,218.3439178466797
2025-05-01,10130.4267578125,226.30789184570312
2025-05-02,10191.3388671875,230.8490447998047
2025-05-03,10062.4921875,211.9712371826172
2025-05-04,9967.69921875,208.41932678222656
2025-05-05,10232.5947265625,218.25119018554688
2025-05-06,10264.8056640625,231.3650665283203
2025-05-07,10141.57421875,228.8039398193359
2025-05-08,10130.4267578125,222.57058715820312
2025-05-09,10150.951171875,222.87548828125
2025-05-10,10049.642578125,201.79844665527344
2025-05-11,9954.849609375,173.98477172851562
2025-05-12,10232.5947265625,215.02151489257812
2025-05-13,10232.1904296875,220.0514984130859
2025-05-14,10141.57421875,208.7624359130859
2025-05-15,10130.4267578125,210.0661773681641
2025-05-16,10150.951171875,211.0450439453125
2025-05-17,10049.642578125,202.0054626464844
2025-05-18,9954.849609375,189.7372589111328
2025-05-19,10230.03515625,201.6123046875
2025-05-20,10232.1904296875,215.0765686035156
2025-05-21,10174.189453125,231.5642547607422
2025-05-22,10130.4267578125,228.9182586669922
2025-05-23,10183.56640625,231.58433532714844
2025-05-24,10083.4228515625,227.70509338378903
2025-05-25,9959.9267578125,210.86309814453125
2025-05-26,10251.189453125,246.7578125
2025-05-27,10250.78515625,259.7401428222656
2025-05-28,10160.1689453125,262.58367919921875
2025-05-29,10149.021484375,264.86529541015625
2025-05-30,10183.56640625,262.5693359375
2025-05-31,10116.0380859375,231.88714599609375
2025-06-01,9994.1064453125,220.62847900390625
2025-06-02,10255.5146484375,270.6167907714844
2025-06-03,10206.1142578125,283.69873046875
2025-06-04,10146.1455078125,274.4897766113281
2025-06-05,10134.998046875,267.4364013671875
2025-06-06,10169.54296875,268.0836181640625
2025-06-07,10087.8115234375,243.54637145996097
2025-06-08,9945.9033203125,223.12937927246097
2025-06-09,10255.5146484375,254.14328002929688
2025-06-10,10255.1103515625,263.26446533203125
2025-06-11,10146.1455078125,257.94744873046875
2025-06-12,10134.998046875,256.7445983886719
2025-06-13,10169.54296875,260.27874755859375
2025-06-14,10087.8115234375,237.427978515625
2025-06-15,9974.6064453125,227.9132080078125
2025-06-16,10255.5146484375,270.6437072753906
2025-06-17,10255.1103515625,279.3572082519531
2025-06-18,10097.1494140625,293.44647216796875
2025-06-19,10086.001953125,286.9349060058594
2025-06-20,10072.34375,298.2194519042969
2025-06-21,10039.6083984375,280.9607238769531
2025-06-22,9845.3291015625,285.1485290527344
2025-06-23,10172.69140625,325.3824768066406
2025-06-24,10178.12890625,320.8810729980469
2025-06-25,10069.1640625,317.5431213378906
2025-06-26,10037.798828125,299.0107727050781
2025-06-27,10017.2353515625,298.3575439453125
2025-06-28,9948.732421875,276.456298828125
2025-06-29,9851.2822265625,260.1338195800781
2025-06-30,10174.171875,294.5782775878906
2025-07-01,10179.609375,302.8788757324219
2025-07-02,10055.02734375,307.4792785644531
2025-07-03,9995.6767578125,287.6031494140625
2025-07-04,9975.11328125,299.2533874511719
2025-07-05,9906.6103515625,278.8157958984375
2025-07-06,9813.140625,286.7001037597656
2025-07-07,10137.64453125,320.8463439941406
2025-07-08,10143.08203125,316.88885498046875
2025-07-09,10014.388671875,314.5889892578125
2025-07-10,9899.9296875,308.05157470703125
2025-07-11,9966.9326171875,308.0203552246094
2025-07-12,9808.7958984375,291.8078308105469
2025-07-13,9758.015625,289.1116943359375
2025-07-14,10118.203125,316.3117370605469
2025-07-15,10143.08203125,308.0214538574219
2025-07-16,10014.388671875,310.176025390625
2025-07-17,9927.9150390625,282.5224914550781
2025-07-18,9994.91796875,283.7659606933594
2025-07-19,9826.701171875,272.9700927734375
2025-07-20,9767.1552734375,258.49798583984375
2025-07-21,10124.44921875,289.6769714355469
2025-07-22,10157.11328125,292.5599060058594
2025-07-23,10028.419921875,290.22528076171875
2025-07-24,9913.9609375,287.2400207519531
2025-07-25,9988.736328125,285.2639465332031
2025-07-26,9834.4736328125,270.023193359375
2025-07-27,9759.4345703125,261.8360595703125
2025-07-28,10103.4208984375,289.42095947265625
2025-07-29,10149.392578125,303.0710754394531
2025-07-30,10020.69921875,288.92498779296875
2025-07-31,9906.240234375,288.6846618652344
2025-08-01,9954.4423828125,282.21368408203125
2025-08-02,9849.6337890625,271.4618225097656
2025-08-03,9759.5205078125,257.6318054199219
2025-08-04,10066.0234375,287.4374084472656
2025-08-05,10063.7919921875,293.1392822265625
2025-08-06,9945.9228515625,288.6174011230469
2025-08-07,9912.125,282.6889953613281
2025-08-08,10003.4384765625,280.3105163574219
2025-08-09,9817.17578125,266.0924377441406
2025-08-10,9749.642578125,245.93418884277344
2025-08-11,10044.2939453125,281.1557922363281
2025-08-12,10042.0625,285.9232177734375
2025-08-13,9915.2919921875,283.10308837890625
2025-08-14,9930.490234375,277.4679870605469
2025-08-15,9923.8115234375,281.4481201171875
2025-08-16,9773.6396484375,264.1204833984375
2025-08-17,9681.8037109375,247.0990295410156
2025-08-18,10035.392578125,287.6164855957031
2025-08-19,9978.052734375,299.38690185546875
2025-08-20,9860.18359375,285.82958984375
2025-08-21,9838.34765625,283.26605224609375
2025-08-22,9929.6611328125,279.67242431640625
2025-08-23,9773.6396484375,262.89697265625
2025-08-24,9681.8037109375,247.1403656005859
2025-08-25,9995.8681640625,287.5700988769531
2025-08-26,9978.052734375,298.646240234375
2025-08-27,9877.1796875,285.720458984375
2025-08-28,9855.34375,281.4344482421875
2025-08-29,9880.6650390625,283.9863586425781
2025-08-30,9773.6396484375,263.0224609375
2025-08-31,9665.3447265625,247.3706512451172
2025-09-01,9995.8681640625,287.95684814453125
2025-09-02,9978.052734375,299.03302001953125
2025-09-03,9884.9521484375,286.0905456542969
2025-09-04,9860.8994140625,281.7371520996094
2025-09-05,9929.6611328125,279.6151428222656
2025-09-06,9773.6396484375,263.8990478515625
2025-09-07,9665.3447265625,247.07827758789065
2025-09-08,9995.8681640625,288.6049499511719
2025-09-09,9978.052734375,301.6522521972656
2025-09-10,9867.9560546875,285.4072265625
2025-09-11,9863.1162109375,283.64013671875
2025-09-12,9880.6650390625,286.3844299316406
2025-09-13,9752.892578125,267.961181640625
2025-09-14,9543.8837890625,268.471923828125
2025-09-15,9924.7998046875,306.1015930175781
2025-09-16,9927.6982421875,312.642822265625
2025-09-17,9862.5830078125,287.1229553222656
2025-09-18,9840.7470703125,285.8753662109375
2025-09-19,9841.8232421875,285.8843078613281
2025-09-20,9731.330078125,269.8922119140625
2025-09-21,9543.8837890625,259.1090087890625
2025-09-22,9924.7998046875,293.59918212890625
2025-09-23,9955.68359375,304.6378479003906
2025-09-24,9862.5830078125,287.56658935546875
2025-09-25,9840.7470703125,286.40008544921875
2025-09-26,9858.8193359375,286.5301818847656
2025-09-27,9731.330078125,270.5380859375
2025-09-28,9543.8837890625,261.42059326171875
2025-09-29,9924.7998046875,295.4900817871094
2025-09-30,9927.6982421875,309.5021667480469
2025-10-01,9862.5830078125,288.3132019042969
2025-10-02,9840.7470703125,287.4590148925781
2025-10-03,9858.8193359375,285.9696350097656
2025-10-04,9731.330078125,269.7025451660156
2025-10-05,9549.6923828125,260.2048034667969
2025-10-06,9930.6083984375,295.7949523925781
2025-10-07,9955.68359375,306.8537902832031
2025-10-08,9862.5830078125,284.4783020019531
2025-10-09,9840.7470703125,283.3308410644531
2025-10-10,9858.8193359375,282.84423828125
2025-10-11,9731.330078125,269.3760681152344
2025-10-12,9549.6923828125,259.2981872558594
2025-10-13,9930.6083984375,291.7331237792969
2025-10-14,9955.68359375,301.6868591308594
2025-10-15,9862.5830078125,284.81280517578125
2025-10-16,9889.7431640625,279.9532470703125
2025-10-17,9856.6025390625,281.5302429199219
2025-10-18,9731.330078125,270.7466125488281
2025-10-19,9549.6923828125,260.6686706542969
2025-10-20,9930.6083984375,291.9364013671875
2025-10-21,9955.68359375,302.2997131347656
2025-10-22,9862.5830078125,284.1922302246094
2025-10-23,9823.7509765625,286.20025634765625
2025-10-24,9907.8154296875,280.49090576171875
2025-10-25,9729.11328125,268.580078125
2025-10-26,9549.6923828125,258.46875
2025-10-27,9930.6083984375,291.144775390625
2025-10-28,9955.68359375,301.64227294921875
2025-10-29,9862.5830078125,283.5347900390625
2025-10-30,9889.7431640625,277.7179870605469
2025-10-31,9888.6025390625,279.9139404296875
2025-11-01,9729.11328125,266.7391662597656
2025-11-02,9549.6923828125,245.9727478027344
2025-11-03,9930.6083984375,283.4783630371094
2025-11-04,9955.68359375,297.24896240234375
2025-11-05,9862.5830078125,284.8050537109375
2025-11-06,9823.7509765625,282.43865966796875
2025-11-07,9841.8232421875,285.57476806640625
2025-11-08,9731.330078125,260.1934814453125
2025-11-09,9549.6923828125,248.17095947265625
2025-11-10,9930.6083984375,288.6518249511719
2025-11-11,9955.68359375,298.468017578125
2025-11-12,9862.5830078125,285.6763916015625
2025-11-13,9840.7470703125,281.1971435546875
2025-11-14,9907.8154296875,280.9676513671875
2025-11-15,9729.11328125,264.5440368652344
2025-11-16,9549.6923828125,248.68470764160156
2025-11-17,9930.6083984375,289.96697998046875
2025-11-18,9955.68359375,298.7132263183594
2025-11-19,9862.5830078125,286.325927734375
2025-11-20,9840.7470703125,281.5599365234375
2025-11-21,9890.8193359375,280.847412109375
2025-11-22,9729.11328125,261.190185546875
2025-11-23,9549.6923828125,248.25503540039065
2025-11-24,9930.6083984375,290.04840087890625
2025-11-25,9965.6953125,298.8318176269531
2025-11-26,9872.5947265625,286.2098083496094
2025-11-27,9899.7548828125,280.55194091796875
2025-11-28,9898.6142578125,280.8700866699219
2025-11-29,9739.125,261.2491760253906
2025-11-30,9559.7041015625,248.8410186767578
2025-12-01,9940.6201171875,290.1492004394531
2025-12-02,9965.6953125,301.0805969238281
2025-12-03,9872.5947265625,287.6807861328125
2025-12-04,9882.7587890625,276.74310302734375
2025-12-05,9898.6142578125,277.32501220703125
2025-12-06,9753.9931640625,258.6853332519531
2025-12-07,9612.91015625,245.42919921875
2025-12-08,9989.3193359375,281.4867248535156
2025-12-09,9965.6953125,300.9488830566406
2025-12-10,9872.5947265625,287.29656982421875
2025-12-11,9833.7626953125,283.68255615234375
2025-12-12,9851.8349609375,286.341552734375
2025-12-13,9712.373046875,262.0156555175781
2025-12-14,9550.1572265625,251.5190887451172
2025-12-15,9940.6201171875,281.3378601074219
2025-12-16,9907.740234375,298.646240234375
2025-12-17,9795.5791015625,282.1069641113281
2025-12-18,9798.4072265625,275.17626953125
2025-12-19,9763.9501953125,273.29913330078125
2025-12-20,9505.861328125,253.5088653564453
2025-12-21,9406.85546875,240.5598907470703
2025-12-22,9834.0126953125,272.23297119140625
2025-12-23,9867.818359375,271.7861328125
2025-12-24,9755.6572265625,252.9732360839844
2025-12-25,9682.71484375,237.7614593505859
2025-12-26,9670.2314453125,247.36135864257812
2025-12-27,9479.2705078125,214.99412536621097
2025-12-28,9437.8359375,207.86203002929688
2025-12-29,9905.9765625,230.2671813964844
2025-12-30,9867.1513671875,220.03672790527344
2025-12-31,9737.0625,212.74417114257812
2026-01-01,9684.78125,214.62088012695312
2026-01-02,9646.4921875,225.64955139160156
2026-01-03,9408.2607421875,214.6219482421875
2026-01-04,9232.8251953125,210.73089599609375
2026-01-05,10047.30078125,223.54701232910156
2026-01-06,10067.232421875,233.62063598632812
2026-01-07,9921.02734375,237.9209747314453
2026-01-08,9799.69140625,233.6725311279297
2026-01-09,9740.8251953125,231.5256195068359
2026-01-10,9374.1484375,218.908935546875
2026-01-11,9232.8251953125,212.6449432373047
2026-01-12,10102.9814453125,234.4751434326172
2026-01-13,10140.380859375,230.7122344970703
2026-01-14,9969.23046875,232.2072906494141
2026-01-15,9799.69140625,230.1426544189453
2026-01-16,9769.9462890625,235.8773498535156
2026-01-17,9439.642578125,213.5276031494141
2026-01-18,9261.9462890625,206.9000701904297
2026-01-19,10102.9814453125,234.10435485839844
2026-01-20,10133.5703125,233.4938201904297
2026-01-21,9993.44140625,225.89352416992188
2026-01-22,9888.578125,227.3775329589844
2026-01-23,9899.439453125,238.42916870117188
2026-01-24,9599.771484375,223.16297912597656
2026-01-25,9426.85546875,211.2639617919922
2026-01-26,10133.48828125,235.72799682617188
2026-01-27,10170.208984375,235.22312927246097
2026-01-28,9999.05859375,236.1967010498047
2026-01-29,9894.1953125,231.2365570068359
2026-01-30,9872.44140625,231.64260864257812
2026-01-31,9583.82421875,210.3809814453125
2026-02-01,9388.9814453125,200.70603942871097
2026-02-02,10075.4619140625,225.52406311035156
2026-02-03,10035.9130859375,227.55490112304688
2026-02-04,9863.1318359375,220.2244415283203
2026-02-05,9841.2958984375,213.82618713378903
2026-02-06,9819.5419921875,217.32618713378903
2026-02-07,9528.421875,204.34115600585935
2026-02-08,9343.275390625,195.6780242919922
2026-02-09,10064.4267578125,208.24375915527344
2026-02-10,10056.2607421875,210.365966796875
2026-02-11,9930.8154296875,212.1123809814453
2026-02-12,9775.72265625,209.00079345703125
2026-02-13,9750.9140625,214.3794403076172
2026-02-14,9435.853515625,206.1807861328125
2026-02-15,9236.7060546875,194.91262817382812
2026-02-16,9923.6552734375,206.20130920410156
2026-02-17,9918.8681640625,202.91876220703125
2026-02-18,9809.5341796875,194.951416015625
2026-02-19,9787.6982421875,205.60369873046875
2026-02-20,9813.26171875,207.67041015625
2026-02-21,9586.95703125,203.42935180664065
2026-02-22,9447.5166015625,190.6151885986328
2026-02-23,10038.236328125,206.98468017578125
2026-02-24,10064.5380859375,225.0291290283203
2026-02-25,9963.3798828125,232.65093994140625
2026-02-26,9857.26171875,242.7321014404297
2026-02-27,9898.259765625,264.8025207519531
2026-02-28,9624.1787109375,231.7312469482422
2026-03-01,9453.4287109375,218.15719604492188
2026-03-02,10070.240234375,262.8729248046875
2026-03-03,10138.2412109375,274.5078430175781
2026-03-04,9948.56640625,299.2394104003906
2026-03-05,9774.0322265625,311.4956359863281
2026-03-06,9707.3330078125,336.56793212890625
2026-03-07,9480.1572265625,340.397216796875
2026-03-08,9402.576171875,355.5068054199219
2026-03-09,9790.5,388.2405395507813
2026-03-10,9857.2705078125,445.33941650390625
2026-03-11,9723.3642578125,441.7497253417969
2026-03-12,9654.13671875,438.1451110839844
2026-03-13,9576.5595703125,368.5387268066406
2026-03-14,9539.048828125,300.15057373046875
2026-03-15,9447.7392578125,275.7769775390625
2026-03-16,9961.958984375,304.8837585449219
2026-03-17,9950.6298828125,304.386962890625
2026-03-18,9779.166015625,308.9744873046875
2026-03-19,9793.4853515625,288.7698669433594
2026-03-20,9831.63671875,276.27252197265625
2026-03-21,9696.8896484375,251.01866149902344
2026-03-22,9525.916015625,241.3908538818359
2026-03-23,10060.423828125,274.3963623046875
2026-03-24,10114.0419921875,276.2378845214844
2026-03-25,9991.0947265625,271.6971740722656
2026-03-26,9876.6357421875,276.43902587890625
2026-03-27,9835.0234375,286.77880859375
2026-03-28,9674.025390625,282.00958251953125
2026-03-29,9552.0478515625,291.1801452636719
2026-03-30,10031.6484375,321.23052978515625
2026-03-31,10008.083984375,309.8816223144531
2026-04-01,9921.12890625,310.3223571777344
2026-04-02,9934.6669921875,309.4107666015625
2026-04-03,9988.4970703125,288.87542724609375
2026-04-04,9908.6279296875,274.39630126953125
2026-04-05,9822.041015625,250.18597412109375
2026-04-06,10112.8505859375,294.3778076171875
2026-04-07,10149.33984375,289.11285400390625
2026-04-08,10052.42578125,287.64923095703125
2026-04-09,10042.0712890625,276.3973083496094
2026-04-10,10060.1435546875,263.26947021484375
2026-04-11,9926.2841796875,219.18162536621097
2026-04-12,9835.5146484375,214.6065673828125
2026-04-13,10183.7958984375,265.841064453125
2026-04-14,10210.326171875,259.6889953613281
2026-04-15,10153.9873046875,250.5516357421875
2026-04-16,10142.83984375,251.5653533935547
2026-04-17,10177.384765625,243.3563995361328
2026-04-18,10037.7548828125,216.50294494628903
2026-04-19,9847.0087890625,202.8690948486328
2026-04-20,10224.3212890625,231.9646453857422
2026-04-21,10250.8515625,240.037109375
2026-04-22,10153.9873046875,243.5751190185547
2026-04-23,10149.087890625,235.6876220703125
2026-04-24,10177.384765625,239.19140625
2026-04-25,10037.7548828125,212.19418334960935
2026-04-26,9871.74609375,202.30892944335935
2026-04-27,10234.525390625,220.9497833251953
2026-04-28,10264.8056640625,229.17141723632812
2026-04-29,10181.9619140625,234.95526123046875
2026-04-30,10138.19921875,227.41867065429688
2026-05-01,10191.3388671875,232.96795654296875
2026-05-02,10062.4921875,209.73196411132812
2026-05-03,9962.6220703125,201.48733520507812
2026-05-04,10232.5947265625,222.9714508056641
2026-05-05,10232.1904296875,221.9227600097656
2026-05-06,10141.57421875,222.88539123535156
2026-05-07,10130.4267578125,221.6481781005859
2026-05-08,10158.7236328125,226.4603729248047
2026-05-09,10062.4921875,216.04591369628903
2026-05-10,9962.6220703125,193.98670959472656
2026-05-11,10232.5947265625,216.95399475097656
2026-05-12,10232.1904296875,222.05381774902344
2026-05-13,10141.57421875,209.2329864501953
2026-05-14,10130.4267578125,213.6934356689453
2026-05-15,10150.951171875,218.6763916015625
2026-05-16,10049.642578125,190.68630981445312
2026-05-17,9954.849609375,188.2999267578125
2026-05-18,10232.5947265625,215.63055419921875
2026-05-19,10232.1904296875,221.5408935546875
2026-05-20,10141.57421875,228.4588928222656
2026-05-21,10130.4267578125,222.40548706054688
2026-05-22,10150.951171875,228.7342529296875
2026-05-23,10054.7197265625,222.81173706054688
2026-05-24,9954.849609375,203.5782928466797
2026-05-25,10232.5947265625,228.870849609375
2026-05-26,10264.8056640625,235.79930114746097
2026-05-27,10160.1689453125,243.8581390380859
2026-05-28,10149.021484375,255.86187744140625
2026-05-29,10183.56640625,258.1461486816406
2026-05-30,10054.7197265625,223.1594390869141
2026-05-31,9959.9267578125,213.2926025390625
2026-06-01,10255.5146484375,258.77056884765625
2026-06-02,10255.1103515625,257.813232421875
2026-06-03,10146.1455078125,265.0881042480469
2026-06-04,10134.998046875,269.9183654785156
2026-06-05,10169.54296875,272.7190246582031
2026-06-06,10087.8115234375,240.6867828369141
2026-06-07,9945.9033203125,220.8482208251953
2026-06-08,10255.5146484375,260.27734375
2026-06-09,10255.1103515625,266.1405029296875
2026-06-10,10146.1455078125,254.56643676757812
2026-06-11,10134.998046875,256.94183349609375
2026-06-12,10169.54296875,263.95208740234375
2026-06-13,10087.8115234375,233.99295043945312
2026-06-14,9945.9033203125,216.6996154785156
2026-06-15,10255.5146484375,271.4649353027344
2026-06-16,10255.1103515625,277.23394775390625
2026-06-17,10097.1494140625,292.4915771484375
2026-06-18,10086.001953125,289.0389099121094
2026-06-19,10072.34375,287.7560119628906
2026-06-20,10039.6083984375,275.0560607910156
2026-06-21,9845.3291015625,269.45770263671875
2026-06-22,10180.4638671875,314.6346435546875
2026-06-23,10178.12890625,322.53643798828125
2026-06-24,10069.1640625,318.9770202636719
2026-06-25,10009.8134765625,311.2945861816406
2026-06-26,10017.2353515625,307.4832763671875
2026-06-27,9899.736328125,283.96417236328125
2026-06-28,9851.2822265625,278.0294494628906
2026-06-29,10153.958984375,316.6159973144531
2026-06-30,10151.6240234375,313.3338623046875
2026-07-01,10014.388671875,311.0752868652344
2026-07-02,9927.9150390625,305.5220947265625
2026-07-03,9966.9326171875,308.17401123046875
2026-07-04,9883.189453125,290.07037353515625
2026-07-05,9813.140625,289.3694152832031
2026-07-06,10137.64453125,319.711669921875
2026-07-07,10143.08203125,314.1988220214844
2026-07-08,10014.388671875,311.72418212890625
2026-07-09,9899.9296875,307.9565124511719
2026-07-10,9994.91796875,304.94140625
2026-07-11,9776.337890625,292.3410339355469
2026-07-12,9710.9296875,289.1116943359375
2026-07-13,10118.203125,315.9794006347656
2026-07-14,10171.0673828125,307.59063720703125
2026-07-15,10014.388671875,310.176025390625
2026-07-16,9927.9150390625,282.5224914550781
2026-07-17,9980.9638671875,286.1731872558594
2026-07-18,9826.701171875,270.315673828125
2026-07-19,9767.1552734375,258.50933837890625
2026-07-20,10124.44921875,295.3922119140625
2026-07-21,10157.11328125,303.80828857421875
2026-07-22,10028.419921875,286.36712646484375
2026-07-23,9913.9609375,287.3224792480469
2026-07-24,9988.736328125,287.03021240234375
2026-07-25,9834.4736328125,271.66754150390625
2026-07-26,9767.1552734375,261.2847900390625
2026-07-27,10116.728515625,288.63958740234375
2026-07-28,10149.392578125,294.7810363769531
2026-07-29,10020.69921875,291.7727966308594
2026-07-30,9906.240234375,285.964599609375
2026-07-31,9981.015625,285.1185302734375
2026-08-01,9817.17578125,266.76947021484375
2026-08-02,9759.5205078125,243.00575256347656
2026-08-03,10066.0234375,283.1285705566406
2026-08-04,10063.7919921875,285.3593444824219
2026-08-05,9945.9228515625,282.34814453125
2026-08-06,9961.12109375,276.8495178222656
2026-08-07,10003.4384765625,276.7088623046875
2026-08-08,9817.17578125,246.68063354492188
2026-08-09,9759.5205078125,243.9821319580078
2026-08-10,10105.1416015625,279.7250061035156
2026-08-11,10090.265625,286.05145263671875
2026-08-12,9924.193359375,282.8934326171875
2026-08-13,9881.494140625,282.6551818847656
2026-08-14,9923.8115234375,281.9172058105469
2026-08-15,9819.0029296875,275.1787414550781
2026-08-16,9728.8896484375,262.3240966796875
2026-08-17,10035.392578125,291.4259338378906
2026-08-18,9978.052734375,305.2085876464844
2026-08-19,9860.18359375,286.5124206542969
2026-08-20,9838.34765625,285.8047180175781
2026-08-21,9880.6650390625,285.83868408203125
2026-08-22,9773.6396484375,264.3228759765625
2026-08-23,9681.8037109375,245.8270568847656
2026-08-24,10012.3271484375,291.14691162109375
2026-08-25,9978.052734375,304.4679260253906
2026-08-26,9877.1796875,286.38421630859375
2026-08-27,9855.34375,285.6955871582031
2026-08-28,9880.6650390625,283.7320556640625
2026-08-29,9773.6396484375,270.4194030761719
2026-08-30,9665.3447265625,268.7168884277344
2026-08-31,9995.8681640625,305.7503662109375
2026-09-01,9950.0673828125,312.8014221191406
2026-09-02,9884.9521484375,288.8343811035156
2026-09-03,9860.8994140625,288.263427734375
2026-09-04,9880.6650390625,286.2998962402344
2026-09-05,9773.6396484375,269.9994812011719
2026-09-06,9665.3447265625,259.9374694824219
2026-09-07,9995.8681640625,295.47174072265625
2026-09-08,9978.052734375,305.7432556152344
2026-09-09,9860.18359375,289.1880187988281
2026-09-10,9855.34375,288.0345764160156
2026-09-11,9880.6650390625,286.20538330078125
2026-09-12,9773.6396484375,270.3241271972656
2026-09-13,9580.2568359375,261.4417419433594
2026-09-14,9972.6640625,294.16339111328125
2026-09-15,9955.68359375,305.56854248046875
2026-09-16,9862.5830078125,287.09539794921875
2026-09-17,9840.7470703125,286.2135009765625
2026-09-18,9841.8232421875,285.8843078613281
2026-09-19,9731.330078125,269.8922119140625
2026-09-20,9543.8837890625,259.629638671875
2026-09-21,9924.7998046875,293.8243103027344
2026-09-22,9927.6982421875,307.8363952636719
2026-09-23,9862.5830078125,286.88702392578125
2026-09-24,9840.7470703125,286.40008544921875
2026-09-25,9858.8193359375,286.5301818847656
2026-09-26,9731.330078125,270.5380859375
2026-09-27,9543.8837890625,261.42059326171875
2026-09-28,9924.7998046875,294.2311706542969
2026-09-29,9955.68359375,303.2548522949219
2026-09-30,9862.5830078125,288.8263244628906
2026-10-01,9840.7470703125,283.7469177246094
2026-10-02,9858.8193359375,285.1514587402344
2026-10-03,9731.330078125,268.62249755859375
2026-10-04,9549.6923828125,259.3894958496094
2026-10-05,9930.6083984375,294.8108825683594
2026-10-06,9955.68359375,306.73095703125
2026-10-07,9862.5830078125,288.62347412109375
2026-10-08,9840.7470703125,283.3308410644531
2026-10-09,9907.8154296875,280.84674072265625
2026-10-10,9729.11328125,268.2960205078125
2026-10-11,9549.6923828125,259.2981872558594
2026-10-12,9930.6083984375,291.7331237792969
2026-10-13,9955.68359375,302.5857849121094
2026-10-14,9862.5830078125,284.81280517578125
2026-10-15,9840.7470703125,283.66534423828125
2026-10-16,9841.8232421875,281.1812438964844
2026-10-17,9731.330078125,270.0595703125
2026-10-18,9549.6923828125,260.6686706542969
2026-10-19,9930.6083984375,293.8034362792969
2026-10-20,9955.68359375,302.2997131347656
2026-10-21,9862.5830078125,284.1922302246094
2026-10-22,9889.7431640625,278.4049377441406
2026-10-23,9856.6025390625,282.1194152832031
2026-10-24,9731.330078125,268.580078125
2026-10-25,9549.6923828125,258.51708984375
2026-10-26,9930.6083984375,290.6554260253906
2026-10-27,9955.68359375,301.64227294921875
2026-10-28,9862.5830078125,283.5347900390625
2026-10-29,9823.7509765625,285.9520568847656
2026-10-30,9907.8154296875,280.2139587402344
2026-10-31,9729.11328125,268.3868408203125
2026-11-01,9549.6923828125,258.4520263671875
2026-11-02,9930.6083984375,290.5654602050781
2026-11-03,9955.68359375,302.6634521484375
2026-11-04,9862.5830078125,285.751953125
2026-11-05,9840.7470703125,284.5166015625
2026-11-06,9841.8232421875,285.0057067871094
2026-11-07,9731.330078125,268.6359558105469
2026-11-08,9549.6923828125,261.95037841796875
2026-11-09,9930.6083984375,294.94647216796875
2026-11-10,9955.68359375,304.7134704589844
2026-11-11,9862.5830078125,286.6260986328125
2026-11-12,9840.7470703125,285.4391784667969
2026-11-13,9858.8193359375,284.9433288574219
2026-11-14,9731.330078125,268.4759826660156
2026-11-15,9549.6923828125,260.4521484375
2026-11-16,9930.6083984375,295.52105712890625
2026-11-17,9955.68359375,305.2091064453125
2026-11-18,9862.5830078125,287.13153076171875
2026-11-19,9840.7470703125,286.0887145996094
2026-11-20,9858.8193359375,284.74432373046875
2026-11-21,9731.330078125,268.2769775390625
2026-11-22,9549.6923828125,260.515625
2026-11-23,9930.6083984375,295.72601318359375
2026-11-24,9955.68359375,305.2416076660156
2026-11-25,9872.5947265625,287.2588806152344
2026-11-26,9850.7587890625,285.97259521484375
2026-11-27,9868.8310546875,283.7947082519531
2026-11-28,9741.341796875,269.651611328125
2026-11-29,9559.7041015625,260.75860595703125
2026-11-30,9940.6201171875,295.150390625
2026-12-01,9965.6953125,305.1949768066406
2026-12-02,9872.5947265625,288.0093078613281
2026-12-03,9850.7587890625,285.95819091796875
2026-12-04,9917.8271484375,280.8621826171875
2026-12-05,9739.125,265.44964599609375
2026-12-06,9612.91015625,246.74163818359375
2026-12-07,9989.3193359375,287.41265869140625
2026-12-08,9965.6953125,296.5367736816406
2026-12-09,9872.5947265625,287.22576904296875
2026-12-10,9850.7587890625,281.3092346191406
2026-12-11,9851.8349609375,281.26593017578125
2026-12-12,9742.7861328125,265.5072937011719
2026-12-13,9550.1572265625,250.8230743408203
2026-12-14,9940.6201171875,283.4994201660156
2026-12-15,9934.3056640625,295.9981384277344
2026-12-16,9814.6396484375,282.20916748046875
2026-12-17,9834.2548828125,276.0196838378906
2026-12-18,9852.3271484375,266.8631896972656
2026-12-19,9599.4033203125,242.2987518310547
2026-12-20,9452.5615234375,247.8430328369141
2026-12-21,9797.302734375,272.9815979003906
2026-12-22,9831.970703125,268.7900695800781
2026-12-23,9755.6572265625,259.2044677734375
2026-12-24,9668.6943359375,250.89334106445312
2026-12-25,9670.2314453125,239.80322265625
2026-12-26,9507.9736328125,227.855712890625
2026-12-27,9374.6630859375,213.6759796142578
2026-12-28,9896.412109375,236.62400817871097
2026-12-29,9867.1513671875,223.13351440429688
2026-12-30,9737.0625,218.4077606201172
2026-12-31,9650.099609375,211.668701171875
2027-01-01,9646.4921875,223.7209320068359
2027-01-02,9369.9716796875,203.5437774658203
2027-01-03,9242.9716796875,181.12109375
2027-01-04,10044.7412109375,194.0356903076172
2027-01-05,10034.6171875,211.6148223876953
2027-01-06,9833.3037109375,223.65316772460935
2027-01-07,9782.3466796875,219.427978515625
2027-01-08,9720.591796875,224.85760498046875
2027-01-09,9402.8515625,227.3851318359375
2027-01-10,9232.8251953125,223.0862274169922
2027-01-11,10088.9609375,243.19009399414065
2027-01-12,10078.1572265625,245.7333984375
2027-01-13,9921.02734375,231.42529296875
2027-01-14,9799.69140625,229.1572265625
2027-01-15,9740.8251953125,233.3220977783203
2027-01-16,9403.26953125,211.8948974609375
2027-01-17,9272.0927734375,202.52110290527344
2027-01-18,10102.9814453125,237.14585876464844
2027-01-19,10126.3603515625,243.07467651367188
2027-01-20,9978.2666015625,235.99432373046875
2027-01-21,9888.578125,227.6564178466797
2027-01-22,9899.439453125,233.11260986328125
2027-01-23,9599.771484375,215.0844268798828
2027-01-24,9426.85546875,210.5168609619141
2027-01-25,10133.48828125,237.63475036621097
2027-01-26,10167.33984375,244.30648803710935
2027-01-27,9985.0380859375,242.91192626953125
2027-01-28,9880.1748046875,243.3905487060547
2027-01-29,9872.44140625,241.7412872314453
2027-01-30,9583.82421875,221.00698852539065
2027-01-31,9431.1923828125,207.0729217529297
2027-02-01,10117.6416015625,237.5403594970703
2027-02-02,10116.7314453125,239.3914337158203
2027-02-03,9999.05859375,229.72772216796875
2027-02-04,9894.1953125,230.9141540527344
2027-02-05,9872.44140625,237.32180786132812
2027-02-06,9533.4990234375,215.5608673095703
2027-02-07,9348.3525390625,209.11415100097656
2027-02-08,10044.0791015625,227.28810119628903
2027-02-09,10088.8759765625,234.8020172119141
2027-02-10,9930.8154296875,227.16883850097656
2027-02-11,9857.3125,232.0609588623047
2027-02-12,9823.5302734375,233.39857482910156
2027-02-13,9517.3046875,215.77288818359375
2027-02-14,9332.158203125,210.38523864746097
2027-02-15,9988.19921875,230.08534240722656
2027-02-16,9918.8681640625,226.1468048095703
2027-02-17,9793.4228515625,228.72674560546875
2027-02-18,9735.7392578125,228.41786193847656
2027-02-19,9713.8466796875,234.5156707763672
2027-02-20,9515.66015625,214.8849639892578
2027-02-21,9401.810546875,203.65672302246097
2027-02-22,9997.2890625,225.44009399414065
2027-02-23,10064.5380859375,226.00677490234375
2027-02-24,9963.3798828125,230.54640197753903
2027-02-25,9824.646484375,228.97967529296875
2027-02-26,9898.259765625,229.5332946777344
2027-02-27,9562.8603515625,207.40582275390625
2027-02-28,9420.6728515625,196.7396240234375
2027-03-01,10038.236328125,215.5205535888672
2027-03-02,10054.5791015625,226.05593872070312
2027-03-03,9963.3798828125,230.8971405029297
2027-03-04,9824.646484375,227.96246337890625
2027-03-05,9898.259765625,232.87310791015625
2027-03-06,9562.8603515625,221.82472229003903
2027-03-07,9420.6728515625,203.7402801513672
2027-03-08,10046.8408203125,229.98199462890625
2027-03-09,10106.3857421875,238.59442138671875
2027-03-10,9973.4794921875,241.13412475585935
2027-03-11,9837.2275390625,251.17234802246097
2027-03-12,9852.3837890625,248.63674926757812
2027-03-13,9620.7373046875,226.9850921630859
2027-03-14,9453.4287109375,217.60040283203125
2027-03-15,10047.4296875,248.66043090820312
2027-03-16,10092.365234375,248.81089782714844
2027-03-17,9911.255859375,251.0624542236328
2027-03-18,9877.4580078125,251.00828552246097
2027-03-19,9884.01953125,254.5103454589844
2027-03-20,9666.81640625,220.67384338378903
2027-03-21,9485.064453125,206.9152984619141
2027-03-22,10052.1064453125,251.43746948242188
2027-03-23,10124.0009765625,250.68934631347656
2027-03-24,9991.0947265625,252.91275024414065
2027-03-25,9876.6357421875,253.58656311035156
2027-03-26,9884.01953125,250.44171142578125
2027-03-27,9666.81640625,221.3475646972656
2027-03-28,9511.1962890625,214.5794219970703
2027-03-29,10058.384765625,252.1455078125
2027-03-30,10150.1328125,253.5594024658203
2027-03-31,10056.3876953125,245.88150024414065
2027-04-01,10042.0712890625,247.83384704589844
2027-04-02,10060.1435546875,258.6328430175781
2027-04-03,9956.1640625,222.50759887695312
2027-04-04,9835.5146484375,206.54708862304688
2027-04-05,10175.25390625,251.6150665283203
2027-04-06,10210.326171875,243.2269744873047
2027-04-07,10153.9873046875,251.2526092529297
2027-04-08,10135.0673828125,250.0689392089844
2027-04-09,10177.384765625,248.59750366210935
2027-04-10,10037.7548828125,208.11619567871097
2027-04-11,9852.0859375,209.8019256591797
2027-04-12,10210.30078125,253.7861785888672
2027-04-13,10236.8310546875,251.5050048828125
2027-04-14,10153.9873046875,246.31097412109375
2027-04-15,10135.0673828125,248.2645263671875
2027-04-16,10177.384765625,251.5802459716797
2027-04-17,10037.7548828125,218.0464630126953
2027-04-18,9852.0859375,208.11349487304688
2027-04-19,10210.30078125,249.00729370117188
2027-04-20,10250.78515625,252.74037170410156
2027-04-21,10167.94140625,246.27142333984375
2027-04-22,10149.021484375,248.2645263671875
2027-04-23,10191.3388671875,251.5802459716797
2027-04-24,10062.4921875,208.92515563964844
2027-04-25,9962.6220703125,201.34591674804688
2027-04-26,10251.189453125,247.7467498779297
2027-04-27,10250.78515625,246.6106414794922
2027-04-28,10167.94140625,249.31137084960935
2027-04-29,10149.021484375,248.77740478515625
2027-04-30,10191.3388671875,257.2017517089844
2027-05-01,10062.4921875,222.5612030029297
2027-05-02,9962.6220703125,202.41270446777344
2027-05-03,10251.189453125,251.16482543945312
2027-05-04,10250.78515625,255.94314575195312
2027-05-05,10160.1689453125,253.01364135742188
2027-05-06,10149.021484375,254.3176727294922
2027-05-07,10183.56640625,245.34765625
2027-05-08,10049.642578125,203.16082763671875
2027-05-09,9954.849609375,189.6910095214844
2027-05-10,10265.2099609375,240.24620056152344
2027-05-11,10250.78515625,246.0249786376953
2027-05-12,10174.189453125,233.20167541503903
2027-05-13,10130.4267578125,228.9639587402344
2027-05-14,10183.56640625,251.6472625732422
2027-05-15,10054.7197265625,222.0016326904297
2027-05-16,9954.849609375,198.7044982910156
2027-05-17,10265.2099609375,233.8216094970703
2027-05-18,10264.8056640625,239.51307678222656
2027-05-19,10174.189453125,229.6322326660156
2027-05-20,10130.4267578125,225.46026611328125
2027-05-21,10183.56640625,249.57093811035156
2027-05-22,10054.7197265625,211.14515686035156
2027-05-23,9954.849609375,195.36634826660156
2027-05-24,10232.5947265625,226.6050720214844
2027-05-25,10264.8056640625,236.4202423095703
2027-05-26,10174.189453125,238.2745056152344
2027-05-27,10163.0419921875,241.10267639160156
2027-05-28,10183.56640625,246.9438934326172
2027-05-29,10054.7197265625,209.47862243652344
2027-05-30,9954.849609375,195.26893615722656
2027-05-31,10265.2099609375,232.3772735595703
2027-06-01,10269.130859375,235.0608673095703
2027-06-02,10127.55078125,228.1912841796875
2027-06-03,10149.0185546875,231.70899963378903
2027-06-04,10169.54296875,242.5743865966797
2027-06-05,10040.6962890625,222.9082946777344
2027-06-06,9940.826171875,203.57833862304688
2027-06-07,10269.53515625,239.18313598632812
2027-06-08,10269.130859375,233.5759735107422
2027-06-09,10127.55078125,227.94691467285156
2027-06-10,10116.4033203125,226.73863220214844
2027-06-11,10169.54296875,242.6374664306641
2027-06-12,10040.6962890625,216.32846069335935
2027-06-13,9940.826171875,202.72259521484375
2027-06-14,10269.53515625,238.03399658203125
2027-06-15,10255.1103515625,242.8767242431641
2027-06-16,10146.1455078125,258.7390441894531
2027-06-17,10134.998046875,261.609130859375
2027-06-18,10169.54296875,275.4774475097656
2027-06-19,10102.0146484375,230.9665374755859
2027-06-20,9994.1064453125,208.3494415283203
2027-06-21,10255.5146484375,255.0094757080078
2027-06-22,10255.1103515625,273.5301818847656
2027-06-23,10146.1455078125,277.26824951171875
2027-06-24,10086.001953125,281.85400390625
2027-06-25,10072.34375,282.4377136230469
2027-06-26,10039.6083984375,258.6177062988281
2027-06-27,9845.3291015625,246.29844665527344
2027-06-28,10208.44921875,299.3177185058594
2027-06-29,10206.1142578125,299.429931640625
2027-06-30,10081.5322265625,302.1063537597656
2027-07-01,9994.1962890625,311.8547058105469
2027-07-02,9973.6328125,310.69744873046875
2027-07-03,9884.119140625,298.6458435058594
2027-07-04,9835.6650390625,293.6711120605469
2027-07-05,10153.958984375,327.0984802246094
2027-07-06,10143.08203125,322.26788330078125
2027-07-07,10014.388671875,322.49896240234375
2027-07-08,9927.9150390625,307.65869140625
2027-07-09,9994.91796875,302.3115234375
2027-07-10,9776.337890625,296.0388488769531
2027-07-11,9710.9296875,293.7585144042969
2027-07-12,10125.9755859375,314.76947021484375
2027-07-13,10143.08203125,309.9120178222656
2027-07-14,10014.388671875,314.8927917480469
2027-07-15,9899.9296875,310.859130859375
2027-07-16,9966.9326171875,307.8263854980469
2027-07-17,9808.7958984375,293.566162109375
2027-07-18,9758.015625,288.2163391113281
2027-07-19,10075.3837890625,314.5104675292969
2027-07-20,10080.9248046875,307.8540344238281
2027-07-21,9966.185546875,311.1561584472656
2027-07-22,9946.4189453125,303.79766845703125
2027-07-23,9980.9638671875,283.35980224609375
2027-07-24,9826.701171875,271.6426086425781
2027-07-25,9767.1552734375,259.6727600097656
2027-07-26,10124.44921875,294.06317138671875
2027-07-27,10149.392578125,302.68096923828125
2027-07-28,10020.69921875,286.87054443359375
2027-07-29,9906.240234375,288.79736328125
2027-07-30,9973.2431640625,289.6048583984375
2027-07-31,9859.2109375,269.1884765625
2027-08-01,9759.5205078125,258.5386657714844
2027-08-02,10066.0234375,288.31280517578125
2027-08-03,10063.7919921875,291.1482238769531
2027-08-04,9945.9228515625,289.72882080078125
2027-08-05,9912.125,284.4449462890625
2027-08-06,9954.4423828125,281.6069030761719
2027-08-07,9849.6337890625,269.5867614746094
2027-08-08,9759.5205078125,259.8536071777344
2027-08-09,10066.0234375,286.8530578613281
2027-08-10,10053.9140625,291.6527404785156
2027-08-11,9924.193359375,289.1626892089844
2027-08-12,9890.3955078125,284.018798828125
2027-08-13,9972.8076171875,280.78668212890625
2027-08-14,9819.0029296875,268.9022521972656
2027-08-15,9728.8896484375,258.974365234375
2027-08-16,10035.392578125,287.3310546875
2027-08-17,9978.052734375,292.8748474121094
2027-08-18,9860.18359375,287.0830383300781
2027-08-19,9838.34765625,282.3602600097656
2027-08-20,9929.6611328125,279.8467102050781
2027-08-21,9773.6396484375,271.378173828125
2027-08-22,9681.8037109375,261.201171875
2027-08-23,10012.3271484375,293.85211181640625
2027-08-24,9978.052734375,305.0198974609375
2027-08-25,9877.1796875,286.8503112792969
2027-08-26,9855.34375,285.94415283203125
2027-08-27,9880.6650390625,288.1935119628906
2027-08-28,9773.6396484375,266.8113098144531
2027-08-29,9665.3447265625,246.8157501220703
2027-08-30,9995.8681640625,292.43682861328125
2027-08-31,9978.052734375,304.7935485839844
2027-09-01,9884.9521484375,287.302978515625
2027-09-02,9860.8994140625,286.3294372558594
2027-09-03,9880.6650390625,284.3023986816406
2027-09-04,9773.6396484375,270.2503356933594
2027-09-05,9665.3447265625,268.2384033203125
2027-09-06,9995.8681640625,304.8834533691406
2027-09-07,9950.0673828125,310.7782897949219
2027-09-08,9867.9560546875,289.1880187988281
2027-09-09,9863.1162109375,286.0370788574219
2027-09-10,9880.6650390625,284.07354736328125
2027-09-11,9773.6396484375,272.51458740234375
2027-09-12,9665.3447265625,260.2400817871094
2027-09-13,9973.4990234375,293.8864440917969
2027-09-14,9955.68359375,303.1607666015625
2027-09-15,9869.8896484375,287.09539794921875
2027-09-16,9840.7470703125,286.3586120605469
2027-09-17,9841.8232421875,284.01123046875
2027-09-18,9731.330078125,269.9173889160156
2027-09-19,9543.8837890625,260.961181640625
2027-09-20,9924.7998046875,293.61163330078125
2027-09-21,9955.68359375,305.2680358886719
2027-09-22,9862.5830078125,287.1605529785156
2027-09-23,9840.7470703125,285.72052001953125
2027-09-24,9858.8193359375,286.5301818847656
2027-09-25,9731.330078125,270.5380859375
2027-09-26,9543.8837890625,261.2817687988281
2027-09-27,9924.7998046875,294.2303466796875
2027-09-28,9927.6982421875,308.242431640625
2027-09-29,9862.5830078125,288.8263244628906
2027-09-30,9840.7470703125,287.6598205566406
2027-10-01,9858.8193359375,285.59161376953125
2027-10-02,9731.330078125,271.322021484375
2027-10-03,9549.6923828125,259.3894958496094
2027-10-04,9930.6083984375,293.81903076171875
2027-10-05,9955.68359375,302.1141052246094
2027-10-06,9862.5830078125,288.62347412109375
2027-10-07,9840.7470703125,284.05718994140625
2027-10-08,9907.8154296875,280.84674072265625
2027-10-09,9729.11328125,267.04248046875
2027-10-10,9549.6923828125,246.5754241943359
2027-10-11,9930.6083984375,290.9562683105469
2027-10-12,9955.68359375,302.5857849121094
2027-10-13,9862.5830078125,284.4783020019531
2027-10-14,9840.7470703125,283.66534423828125
2027-10-15,9841.8232421875,281.1812438964844
2027-10-16,9731.330078125,269.7105712890625
2027-10-17,9549.6923828125,266.9324951171875
2027-10-18,9930.6083984375,293.8034362792969
2027-10-19,9955.68359375,303.9563293457031
2027-10-20,9862.5830078125,284.1922302246094
2027-10-21,9840.7470703125,281.76617431640625
2027-10-22,9907.8154296875,280.5606689453125
2027-10-23,9729.11328125,268.6512451171875
2027-10-24,9549.6923828125,257.18548583984375
2027-10-25,9930.6083984375,290.58905029296875
2027-10-26,9955.68359375,301.64227294921875
2027-10-27,9862.5830078125,283.5347900390625
2027-10-28,9889.7431640625,277.7179870605469
2027-10-29,9888.6025390625,279.7738037109375
2027-10-30,9729.11328125,267.1666564941406
2027-10-31,9549.6923828125,246.48240661621097
2027-11-01,9930.6083984375,284.329833984375
2027-11-02,9955.68359375,294.8836669921875
2027-11-03,9862.5830078125,283.67535400390625
2027-11-04,9823.7509765625,283.51239013671875
2027-11-05,9841.8232421875,282.82012939453125
2027-11-06,9731.330078125,261.78045654296875
2027-11-07,9549.6923828125,248.17095947265625
2027-11-08,9930.6083984375,288.8904113769531
2027-11-09,9955.68359375,301.1784362792969
2027-11-10,9862.5830078125,283.3114013671875
2027-11-11,9889.7431640625,279.8435363769531
2027-11-12,9905.5986328125,280.9453125
2027-11-13,9729.11328125,262.3535461425781
2027-11-14,9549.6923828125,248.12680053710935
2027-11-15,9930.6083984375,289.9936828613281
2027-11-16,9955.68359375,297.1322021484375
2027-11-17,9862.5830078125,286.0726623535156
2027-11-18,9823.7509765625,283.3131408691406
2027-11-19,9890.8193359375,280.847412109375
2027-11-20,9729.11328125,262.2333068847656
2027-11-21,9549.6923828125,248.48646545410156
2027-11-22,9930.6083984375,290.17193603515625
2027-11-23,9955.68359375,299.1197204589844
2027-11-24,9862.5830078125,286.3236389160156
2027-11-25,9850.7587890625,281.4438171386719
2027-11-26,9900.8310546875,280.44891357421875
2027-11-27,9739.125,260.6366271972656
2027-11-28,9559.7041015625,248.4101104736328
2027-11-29,9940.6201171875,289.46575927734375
2027-11-30,9965.6953125,300.4234313964844
2027-12-01,9872.5947265625,288.18994140625
2027-12-02,9850.7587890625,281.8426818847656
2027-12-03,9851.8349609375,286.3691101074219
2027-12-04,9741.341796875,261.979736328125
2027-12-05,9559.7041015625,252.60238647460935
2027-12-06,9940.6201171875,287.4460144042969
2027-12-07,9965.6953125,298.5848388671875
2027-12-08,9872.5947265625,283.9194641113281
2027-12-09,9850.7587890625,284.75079345703125
2027-12-10,9868.8310546875,284.1495056152344
2027-12-11,9756.2099609375,269.08428955078125
2027-12-12,9580.5703125,261.94921875
2027-12-13,9988.484375,294.08685302734375
2027-12-14,9934.3056640625,306.7555847167969
2027-12-15,9841.205078125,288.3898010253906
2027-12-16,9853.3154296875,280.6915283203125
2027-12-17,9852.3271484375,279.22467041015625
2027-12-18,9635.3974609375,264.0022888183594
2027-12-19,9452.8291015625,254.62342834472656
2027-12-20,9797.302734375,280.14697265625
2027-12-21,9782.974609375,288.0338439941406
2027-12-22,9714.4560546875,263.7666931152344
2027-12-23,9668.6943359375,253.58151245117188
2027-12-24,9670.2314453125,245.30728149414065
2027-12-25,9479.2705078125,211.082763671875
2027-12-26,9437.8359375,211.47935485839844
2027-12-27,9891.9560546875,253.72601318359375
2027-12-28,9899.7666015625,230.9803466796875
2027-12-29,9737.994140625,224.9169158935547
2027-12-30,9650.099609375,209.93603515625
2027-12-31,9637.6162109375,213.2550506591797
2028-01-01,9343.7138671875,212.37290954589844
2028-01-02,9178.4248046875,202.8021697998047
2028-01-03,10047.30078125,215.5728759765625
2028-01-04,10034.6171875,208.41961669921875
2028-01-05,9833.3037109375,214.5773468017578
2028-01-06,9782.3466796875,228.5484313964844
2028-01-07,9753.20703125,239.14178466796875
2028-01-08,9402.8515625,228.89149475097656
2028-01-09,9232.8251953125,218.06857299804688
2028-01-10,10102.9814453125,237.834716796875
2028-01-11,10126.3603515625,246.4200134277344
2028-01-12,9969.23046875,233.6396026611328
2028-01-13,9767.076171875,225.58216857910156
2028-01-14,9753.20703125,240.3571929931641
2028-01-15,9374.1484375,215.1331329345703
2028-01-16,9272.0927734375,203.6869659423828
2028-01-17,10102.9814453125,230.33950805664065
2028-01-18,10140.380859375,240.24349975585935
2028-01-19,9969.23046875,237.05810546875
2028-01-20,9840.7880859375,225.8725128173828
2028-01-21,9879.1552734375,236.93618774414065
2028-01-22,9579.4873046875,213.94403076171875
2028-01-23,9426.85546875,212.08090209960935
2028-01-24,10133.48828125,239.5943145751953
2028-01-25,10197.20703125,241.9922332763672
2028-01-26,10026.056640625,240.72430419921875
2028-01-27,9880.1748046875,243.18032836914065
2028-01-28,9872.44140625,245.75831604003903
2028-01-29,9583.82421875,215.67019653320312
2028-01-30,9426.115234375,205.01419067382812
2028-01-31,10117.6416015625,232.24020385742188
2028-02-01,10084.1162109375,228.1383056640625
2028-02-02,9918.240234375,225.71734619140625
2028-02-03,9894.1953125,233.49105834960935
2028-02-04,9872.44140625,235.01467895507812
2028-02-05,9533.4990234375,219.37094116210935
2028-02-06,9348.3525390625,212.00148010253903
2028-02-07,10044.0791015625,225.78114318847656
2028-02-08,10035.9130859375,226.8960876464844
2028-02-09,9875.70703125,227.9691619873047
2028-02-10,9886.486328125,229.79214477539065
2028-02-11,9843.3310546875,233.7845001220703
2028-02-12,9517.3046875,216.84962463378903
2028-02-13,9327.0810546875,202.22689819335935
2028-02-14,9955.583984375,217.4165802001953
2028-02-15,9952.177734375,215.5591583251953
2028-02-16,9793.4228515625,217.54327392578125
2028-02-17,9735.7392578125,216.444580078125
2028-02-18,9681.2314453125,221.40521240234375
2028-02-19,9402.5439453125,201.05368041992188
2028-02-20,9311.435546875,182.7622985839844
2028-02-21,10054.4775390625,208.11749267578125
2028-02-22,10119.646484375,211.602783203125
2028-02-23,9978.9677734375,218.5792236328125
2028-02-24,9824.646484375,210.44558715820312
2028-02-25,9865.64453125,221.4206695556641
2028-02-26,9592.0341796875,213.2321929931641
2028-02-27,9452.59375,210.9081115722656
2028-02-28,10107.326171875,233.41444396972656
2028-02-29,10200.46484375,235.22293090820312
2028-03-01,10011.5830078125,240.07408142089844
2028-03-02,9843.2412109375,257.6921691894531
2028-03-03,9898.259765625,260.1707763671875
2028-03-04,9591.5634765625,228.38232421875
2028-03-05,9452.59375,213.13270568847656
2028-03-06,10069.294921875,251.5614471435547
2028-03-07,10114.23046875,260.5939636230469
2028-03-08,9959.458984375,265.531982421875
2028-03-09,9805.1376953125,274.22222900390625
2028-03-10,9852.3837890625,272.7361755371094
2028-03-11,9665.25390625,241.9263610839844
2028-03-12,9453.4287109375,222.7715606689453
2028-03-13,10016.046875,265.3418273925781
2028-03-14,10037.2568359375,264.5044860839844
2028-03-15,9856.1474609375,255.09732055664065
2028-03-16,9834.3115234375,257.7975769042969
2028-03-17,9852.3837890625,263.45245361328125
2028-03-18,9684.98828125,232.9014434814453
2028-03-19,9485.064453125,216.29373168945312
2028-03-20,10039.0,250.5685882568359
2028-03-21,10068.892578125,255.77899169921875
2028-03-22,9942.8916015625,260.58551025390625
2028-03-23,9901.3212890625,263.5672912597656
2028-03-24,9927.166015625,256.6790466308594
2028-03-25,9728.134765625,229.08578491210935
2028-03-26,9485.064453125,219.0539398193359
2028-03-27,10035.3193359375,266.5481262207031
2028-03-28,10085.0654296875,267.1568908691406
2028-03-29,10013.8193359375,264.8459167480469
2028-03-30,9934.15625,263.3951110839844
2028-03-31,9992.458984375,269.5552062988281
2028-04-01,9882.4453125,238.36605834960935
2028-04-02,9805.634765625,217.93605041503903
2028-04-03,10161.8466796875,268.6871643066406
2028-04-04,10201.7841796875,271.5446472167969
2028-04-05,10114.8291015625,265.0350646972656
2028-04-06,10095.9091796875,253.57020568847656
2028-04-07,10150.8798828125,257.63482666015625
2028-04-08,10037.7548828125,225.46400451660156
2028-04-09,9852.0859375,213.8690948486328
2028-04-10,10210.30078125,255.59515380859375
2028-04-11,10236.8310546875,264.69140625
2028-04-12,10153.9873046875,253.37628173828125
2028-04-13,10156.8603515625,240.25108337402344
2028-04-14,10177.384765625,246.8209991455078
2028-04-15,10037.7548828125,209.1074981689453
2028-04-16,9847.0087890625,196.5232391357422
2028-04-17,10224.3212890625,234.802490234375
2028-04-18,10250.8515625,237.83029174804688
2028-04-19,10181.9619140625,233.56814575195312
2028-04-20,10170.814453125,229.1875457763672
2028-04-21,10191.3388671875,239.35350036621097
2028-04-22,10062.4921875,222.8314971923828
2028-04-23,9962.6220703125,199.4308624267578
2028-04-24,10232.5947265625,223.7313232421875
2028-04-25,10264.8056640625,233.088134765625
2028-04-26,10149.3466796875,224.2396240234375
2028-04-27,10130.4267578125,228.53857421875
2028-04-28,10191.3388671875,233.05311584472656
2028-04-29,10057.4150390625,198.95494079589844
2028-04-30,9962.6220703125,178.39120483398438
2028-05-01,10232.5947265625,207.53529357910156
2028-05-02,10232.1904296875,221.24119567871097
2028-05-03,10141.57421875,222.6824188232422
2028-05-04,10130.4267578125,221.1280059814453
2028-05-05,10150.951171875,212.40890502929688
2028-05-06,10054.7197265625,208.8146820068359
2028-05-07,9954.849609375,191.65953063964844
2028-05-08,10232.5947265625,215.6348876953125
2028-05-09,10232.1904296875,224.97596740722656
2028-05-10,10141.57421875,214.68606567382812
2028-05-11,10130.4267578125,215.71585083007812
2028-05-12,10150.951171875,221.7277984619141
2028-05-13,10054.7197265625,212.4045562744141
2028-05-14,9954.849609375,206.0648651123047
2028-05-15,10232.5947265625,226.5498504638672
2028-05-16,10264.8056640625,230.24908447265625
2028-05-17,10174.189453125,233.58834838867188
2028-05-18,10163.0419921875,236.41946411132812
2028-05-19,10183.56640625,244.52078247070312
2028-05-20,10083.4228515625,227.09715270996097
2028-05-21,9959.9267578125,212.85345458984375
2028-05-22,10251.189453125,246.87648010253903
2028-05-23,10250.78515625,251.7308654785156
2028-05-24,10160.1689453125,253.89593505859375
2028-05-25,10149.021484375,258.0348815917969
2028-05-26,10183.56640625,266.97760009765625
2028-05-27,10054.7197265625,221.3565673828125
2028-05-28,9959.9267578125,208.0980682373047
2028-05-29,10251.189453125,260.6767578125
2028-05-30,10250.78515625,263.5514221191406
2028-05-31,10160.1689453125,263.2100524902344
2028-06-01,10134.998046875,264.6933898925781
2028-06-02,10169.54296875,258.5116882324219
2028-06-03,10102.0146484375,231.3699493408203
2028-06-04,9994.1064453125,222.3285675048828
2028-06-05,10255.5146484375,264.6881408691406
2028-06-06,10255.1103515625,255.5020751953125
2028-06-07,10146.1455078125,248.81654357910156
2028-06-08,10134.998046875,253.90252685546875
2028-06-09,10169.54296875,257.16693115234375
2028-06-10,10040.6962890625,224.97669982910156
2028-06-11,9945.9033203125,210.5345001220703
2028-06-12,10255.5146484375,248.7282562255859
2028-06-13,10255.1103515625,255.2961883544922
2028-06-14,10146.1455078125,262.3244323730469
2028-06-15,10134.998046875,260.1459655761719
2028-06-16,10169.54296875,259.8198547363281
2028-06-17,10102.0146484375,231.5575256347656
2028-06-18,9994.1064453125,223.8582000732422
2028-06-19,10247.7421875,269.77593994140625
2028-06-20,10255.1103515625,278.525634765625
2028-06-21,10097.1494140625,284.28985595703125
2028-06-22,10086.001953125,286.88787841796875
2028-06-23,10072.34375,293.1043701171875
2028-06-24,10039.6083984375,265.01885986328125
2028-06-25,9845.3291015625,240.13038635253903
2028-06-26,10208.44921875,295.783935546875
2028-06-27,10178.12890625,311.7580261230469
2028-06-28,10069.1640625,314.3427734375
2028-06-29,9994.1962890625,311.89166259765625
2028-06-30,9973.6328125,311.5660400390625
2028-07-01,9884.119140625,287.4655456542969
2028-07-02,9813.140625,290.5291748046875
2028-07-03,10137.64453125,323.580810546875
2028-07-04,10143.08203125,311.6781921386719
2028-07-05,10014.388671875,309.0416564941406
2028-07-06,9927.9150390625,305.5998229980469
2028-07-07,9994.91796875,305.9429931640625
2028-07-08,9850.7314453125,292.0142822265625
2028-07-09,9758.015625,287.9600524902344
2028-07-10,10125.9755859375,312.7013854980469
2028-07-11,10143.08203125,312.7315673828125
2028-07-12,10014.388671875,312.3125915527344
2028-07-13,9899.9296875,308.7181396484375
2028-07-14,9966.9326171875,307.8263854980469
2028-07-15,9808.7958984375,292.1470947265625
2028-07-16,9758.015625,289.013427734375
2028-07-17,10075.3837890625,314.5104675292969
2028-07-18,10080.9248046875,308.1208190917969
2028-07-19,9966.185546875,310.4945068359375
2028-07-20,9946.4189453125,282.8409729003906
2028-07-21,9980.9638671875,285.6201477050781
2028-07-22,9826.701171875,272.79083251953125
2028-07-23,9767.1552734375,258.5138854980469
2028-07-24,10124.44921875,294.06317138671875
2028-07-25,10157.11328125,301.23858642578125
2028-07-26,10020.69921875,286.87054443359375
2028-07-27,9906.240234375,287.2400207519531
2028-07-28,9981.015625,287.0645751953125
2028-07-29,9826.7529296875,269.1884765625
2028-07-30,9759.4345703125,261.2679138183594
2028-07-31,10103.4208984375,288.0018310546875
2028-08-01,10111.9951171875,291.0514831542969
2028-08-02,9994.1259765625,288.8959655761719
2028-08-03,9879.6669921875,283.2963562011719
2028-08-04,9960.2919921875,281.056884765625
2028-08-05,9849.6337890625,271.1878356933594
2028-08-06,9759.5205078125,258.1737060546875
2028-08-07,10066.0234375,287.6050109863281
2028-08-08,10063.7919921875,293.2922668457031
2028-08-09,9936.044921875,289.05474853515625
2028-08-10,9907.3916015625,283.090576171875
2028-08-11,9981.708984375,280.5770263671875
2028-08-12,9786.544921875,266.568603515625
2028-08-13,9676.5068359375,246.2517547607422
2028-08-14,10035.392578125,282.99871826171875
2028-08-15,9978.052734375,285.54132080078125
2028-08-16,9860.18359375,282.28662109375
2028-08-17,9887.34375,276.82305908203125
2028-08-18,9927.4443359375,276.380126953125
2028-08-19,9773.6396484375,248.9040374755859
2028-08-20,9681.8037109375,243.4459991455078
2028-08-21,10012.3271484375,284.36529541015625
2028-08-22,9978.052734375,299.38690185546875
2028-08-23,9877.1796875,285.82958984375
2028-08-24,9838.34765625,283.1378479003906
2028-08-25,9880.6650390625,285.9888610839844
2028-08-26,9773.6396484375,270.8445739746094
2028-08-27,9665.3447265625,269.00506591796875
2028-08-28,9995.8681640625,305.10491943359375
2028-08-29,9950.0673828125,309.6009216308594
2028-08-30,9877.1796875,286.7098388671875
2028-08-31,9855.34375,285.93475341796875
2028-09-01,9880.6650390625,284.0982666015625
2028-09-02,9773.6396484375,270.4447937011719
2028-09-03,9665.3447265625,259.3848571777344
2028-09-04,9995.8681640625,293.58135986328125
2028-09-05,9978.052734375,302.3753967285156
2028-09-06,9884.9521484375,286.6955261230469
2028-09-07,9860.8994140625,285.7694396972656
2028-09-08,9880.6650390625,283.805908203125
2028-09-09,9773.6396484375,270.2159423828125
2028-09-10,9665.3447265625,260.4920654296875
2028-09-11,9988.5615234375,293.6605224609375
2028-09-12,9955.68359375,307.47393798828125
2028-09-13,9852.8935546875,289.1306457519531
2028-09-14,9840.7470703125,288.3561096191406
2028-09-15,9841.8232421875,286.1538391113281
2028-09-16,9731.330078125,269.97552490234375
2028-09-17,9543.8837890625,260.961181640625
2028-09-18,9924.7998046875,294.2821960449219
2028-09-19,9955.68359375,306.3386535644531
2028-09-20,9862.5830078125,289.1580505371094
2028-09-21,9840.7470703125,286.0150146484375
2028-09-22,9858.8193359375,285.8506164550781
2028-09-23,9731.330078125,270.5380859375
2028-09-24,9543.8837890625,261.6070556640625
2028-09-25,9924.7998046875,294.2311706542969
2028-09-26,9955.68359375,304.4406433105469
2028-09-27,9862.5830078125,287.56658935546875
2028-09-28,9840.7470703125,283.9477233886719
2028-09-29,9858.8193359375,286.8890380859375
2028-09-30,9731.330078125,271.7978210449219
2028-10-01,9549.6923828125,261.0089416503906
2028-10-02,9930.6083984375,293.81903076171875
2028-10-03,9955.68359375,304.80120849609375
2028-10-04,9862.5830078125,287.6855773925781
2028-10-05,9840.7470703125,287.769287109375
2028-10-06,9858.8193359375,287.4261779785156
2028-10-07,9731.330078125,264.6837158203125
2028-10-08,9549.6923828125,245.2439117431641
2028-10-09,9930.6083984375,289.2751770019531
2028-10-10,9955.68359375,302.5857849121094
2028-10-11,9862.5830078125,284.4783020019531
2028-10-12,9889.7431640625,279.6187438964844
2028-10-13,9856.6025390625,281.1812438964844
2028-10-14,9731.330078125,262.3136291503906
2028-10-15,9549.6923828125,245.21417236328125
2028-10-16,9930.6083984375,284.9892578125
2028-10-17,9955.68359375,298.1346435546875
2028-10-18,9862.5830078125,284.9019470214844
2028-10-19,9872.7470703125,280.9668273925781
2028-10-20,9907.8154296875,277.0941467285156
2028-10-21,9729.11328125,262.7731018066406
2028-10-22,9549.6923828125,244.35690307617188
2028-10-23,9930.6083984375,282.32452392578125
2028-10-24,9955.68359375,295.27508544921875
2028-10-25,9862.5830078125,282.4857177734375
2028-10-26,9889.7431640625,276.8615417480469
2028-10-27,9888.6025390625,280.6613464355469
2028-10-28,9729.11328125,259.7655029296875
2028-10-29,9549.6923828125,246.11322021484375
2028-10-30,9930.6083984375,282.5310363769531
2028-10-31,9955.68359375,294.57720947265625
2028-11-01,9862.5830078125,282.038818359375
2028-11-02,9823.7509765625,282.3136901855469
2028-11-03,9890.8193359375,278.3970642089844
2028-11-04,9729.11328125,263.0191345214844
2028-11-05,9549.6923828125,246.8492889404297
2028-11-06,9930.6083984375,289.48760986328125
2028-11-07,9955.68359375,301.3885192871094
2028-11-08,9862.5830078125,283.0838928222656
2028-11-09,9889.7431640625,279.8435363769531
2028-11-10,9839.6064453125,285.2930908203125
2028-11-11,9731.330078125,260.01116943359375
2028-11-12,9549.6923828125,247.8680877685547
2028-11-13,9930.6083984375,290.0062561035156
2028-11-14,9955.68359375,301.6722717285156
2028-11-15,9862.5830078125,285.33843994140625
2028-11-16,9823.7509765625,283.4898681640625
2028-11-17,9858.8193359375,284.3669738769531
2028-11-18,9731.330078125,267.04180908203125
2028-11-19,9549.6923828125,255.97499084472656
2028-11-20,9930.6083984375,290.84368896484375
2028-11-21,9927.6982421875,307.7464904785156
2028-11-22,9862.5830078125,289.02764892578125
2028-11-23,9840.7470703125,285.81878662109375
2028-11-24,9868.8310546875,284.07818603515625
2028-11-25,9741.341796875,267.0661315917969
2028-11-26,9559.7041015625,248.22586059570312
2028-11-27,9940.6201171875,294.8740234375
2028-11-28,9965.6953125,304.38531494140625
2028-11-29,9872.5947265625,287.8448791503906
2028-11-30,9850.7587890625,285.75750732421875
2028-12-01,9868.8310546875,285.639892578125
2028-12-02,9741.341796875,265.3017883300781
2028-12-03,9559.7041015625,252.60238647460935
2028-12-04,9940.6201171875,286.9170837402344
2028-12-05,9965.6953125,302.8983154296875
2028-12-06,9921.5908203125,280.17205810546875
2028-12-07,9897.5380859375,277.51763916015625
2028-12-08,9866.6142578125,281.2010192871094
2028-12-09,9756.2099609375,263.75579833984375
2028-12-10,9612.91015625,244.7471466064453
2028-12-11,9989.3193359375,287.09771728515625
2028-12-12,9934.3056640625,300.7696533203125
2028-12-13,9824.208984375,289.8582458496094
2028-12-14,9833.7626953125,281.1284484863281
2028-12-15,9871.3876953125,276.15386962890625
2028-12-16,9635.3974609375,244.47459411621097
2028-12-17,9488.8232421875,242.3698272705078
2028-12-18,9908.1943359375,277.3070373535156
2028-12-19,9819.75390625,297.3314208984375
2028-12-20,9755.6572265625,268.76580810546875
2028-12-21,9668.6943359375,252.0936584472656
2028-12-22,9670.2314453125,251.44546508789065
2028-12-23,9540.5888671875,229.6916046142578
2028-12-24,9374.6630859375,223.8804626464844
2028-12-25,9865.3955078125,256.9676818847656
2028-12-26,9884.814453125,244.2795562744141
2028-12-27,9770.609375,236.311279296875
2028-12-28,9686.47265625,227.7645568847656
2028-12-29,9637.6162109375,223.2224273681641
2028-12-30,9474.193359375,202.19451904296875
2028-12-31,9432.7587890625,179.42532348632812
2029-01-01,10031.044921875,210.7902374267578
2029-01-02,9966.7275390625,219.97100830078125
2029-01-03,9833.3037109375,211.4781188964844
2029-01-04,9782.3466796875,213.5071563720703
2029-01-05,9753.20703125,230.96002197265625
2029-01-06,9469.5791015625,233.24366760253903
2029-01-07,9258.9365234375,223.205078125
2029-01-08,10079.916015625,232.6486968994141
2029-01-09,10092.177734375,235.0201873779297
2029-01-10,9921.02734375,234.5474395751953
2029-01-11,9767.076171875,228.4954071044922
2029-01-12,9753.20703125,233.4231719970703
2029-01-13,9408.2607421875,214.3240509033203
2029-01-14,9242.9716796875,204.18881225585935
2029-01-15,10102.9814453125,235.5025634765625
2029-01-16,10140.380859375,235.4326934814453
2029-01-17,9936.615234375,228.8232421875
2029-01-18,9796.197265625,225.96237182617188
2029-01-19,9769.9462890625,232.88604736328125
2029-01-20,9448.6787109375,212.50833129882812
2029-01-21,9279.8876953125,210.62353515625
2029-01-22,10112.017578125,234.58790588378903
2029-01-23,10181.3603515625,238.79232788085935
2029-01-24,10026.056640625,229.4241943359375
2029-01-25,9921.193359375,235.7175750732422
2029-01-26,9899.439453125,239.6002197265625
2029-01-27,9604.1083984375,224.6905059814453
2029-01-28,9426.115234375,206.2821502685547
2029-01-29,10133.48828125,230.6082763671875
2029-01-30,10170.208984375,230.2571258544922
2029-01-31,9999.05859375,230.8163146972656
2029-02-01,9894.1953125,229.8891143798828
2029-02-02,9872.44140625,232.35189819335935
2029-02-03,9533.4990234375,210.94546508789065
2029-02-04,9343.275390625,205.37350463867188
2029-02-05,10059.92578125,225.71017456054688
2029-02-06,10035.9130859375,222.52203369140625
2029-02-07,9855.359375,214.39794921875
2029-02-08,9833.5234375,216.16183471679688
2029-02-09,9839.8896484375,218.55303955078125
2029-02-10,9561.2021484375,202.7352752685547
2029-02-11,9394.91796875,186.8502197265625
2029-02-12,9953.0244140625,203.94845581054688
2029-02-13,9952.177734375,210.99082946777344
2029-02-14,9842.84375,199.6745147705078
2029-02-15,9821.0078125,189.09103393554688
2029-02-16,9773.716796875,198.31710815429688
2029-02-17,9438.9169921875,184.6140289306641
2029-02-18,9203.396484375,188.55079650878903
2029-02-19,9934.5322265625,207.3409118652344
2029-02-20,10026.9072265625,204.5069122314453
2029-02-21,9901.4619140625,218.89117431640625
2029-02-22,9857.26171875,230.5614013671875
2029-02-23,9898.259765625,242.58709716796875
2029-02-24,9624.1787109375,230.29197692871097
2029-02-25,9453.4287109375,211.8921356201172
2029-02-26,10070.240234375,247.9531707763672
2029-02-27,10138.2412109375,268.8043212890625
2029-02-28,9997.5625,273.9159851074219
2029-03-01,9843.2412109375,273.8067321777344
2029-03-02,9849.263671875,292.19561767578125
2029-03-03,9665.25390625,268.77960205078125
2029-03-04,9494.2802734375,283.15643310546875
2029-03-05,9835.7880859375,355.6274108886719
2029-03-06,9885.9697265625,384.965087890625
2029-03-07,9728.6630859375,392.9263610839844
2029-03-08,9676.001953125,457.3536682128906
2029-03-09,9655.673828125,488.5478210449219
2029-03-10,9480.1572265625,404.5887145996094
2029-03-11,9402.576171875,348.3019714355469
2029-03-12,9767.4345703125,365.2183532714844
2029-03-13,9814.30078125,359.4201965332031
2029-03-14,9694.3505859375,350.7096862792969
2029-03-15,9575.0224609375,359.70196533203125
2029-03-16,9587.404296875,347.6108703613281
2029-03-17,9450.2080078125,328.17474365234375
2029-03-18,9373.4755859375,296.36932373046875
2029-03-19,9927.111328125,315.45709228515625
2029-03-20,9893.4248046875,311.0050354003906
2029-03-21,9838.787109375,302.64569091796875
2029-03-22,9816.951171875,284.9742736816406
2029-03-23,9835.0234375,287.3799133300781
2029-03-24,9696.8896484375,280.3458251953125
2029-03-25,9525.916015625,290.9844055175781
2029-03-26,9963.5888671875,309.9727783203125
2029-03-27,10009.9375,299.7349853515625
2029-03-28,9864.9189453125,301.619873046875
2029-03-29,9874.4716796875,299.8129577636719
2029-03-30,9900.31640625,300.8855895996094
2029-03-31,9820.873046875,284.4273376464844
2029-04-01,9752.7119140625,278.2895202636719
2029-04-02,10057.2822265625,329.730712890625
2029-04-03,10063.1923828125,326.2535095214844
2029-04-04,10004.22265625,288.26641845703125
2029-04-05,9986.962890625,278.3521728515625
2029-04-06,9956.0390625,290.102294921875
2029-04-07,9941.0859375,256.09368896484375
2029-04-08,9834.337890625,231.0584259033203
2029-04-09,10161.8466796875,280.5101013183594
2029-04-10,10149.33984375,291.7023010253906
2029-04-11,10101.421875,263.1159973144531
2029-04-12,10090.2744140625,265.0156555175781
2029-04-13,10072.796875,264.1900939941406
2029-04-14,10036.6669921875,236.3603515625
2029-04-15,9852.0859375,214.51258850097656
2029-04-16,10210.30078125,256.9000549316406
2029-04-17,10236.8310546875,251.66416931152344
2029-04-18,10153.9873046875,252.0695648193359
2029-04-19,10142.83984375,251.5725860595703
2029-04-20,10177.384765625,257.1197204589844
2029-04-21,10037.7548828125,215.63595581054688
2029-04-22,9852.0859375,207.94869995117188
2029-04-23,10210.30078125,242.9755859375
2029-04-24,10236.8310546875,245.83433532714844
2029-04-25,10167.94140625,243.8429412841797
2029-04-26,10156.7939453125,242.857421875
2029-04-27,10191.3388671875,245.0250701904297
2029-04-28,10062.4921875,207.05596923828125
2029-04-29,9962.6220703125,199.1724090576172
2029-04-30,10232.5947265625,226.8141632080078
2029-05-01,10264.8056640625,239.9903259277344
2029-05-02,10181.9619140625,239.09542846679688
2029-05-03,10156.7939453125,244.46913146972656
2029-05-04,10191.3388671875,248.65968322753903
2029-05-05,10062.4921875,222.74163818359375
2029-05-06,9967.69921875,207.28857421875
2029-05-07,10265.2099609375,232.93814086914065
2029-05-08,10250.78515625,248.6599884033203
2029-05-09,10160.1689453125,247.02142333984375
2029-05-10,10149.021484375,253.50990295410156
2029-05-11,10183.56640625,251.22879028320312
2029-05-12,10049.642578125,203.36810302734375
2029-05-13,9962.6220703125,185.24365234375
2029-05-14,10232.5947265625,219.70755004882812
2029-05-15,10264.8056640625,239.02772521972656
2029-05-16,10174.189453125,234.6553192138672
2029-05-17,10163.0419921875,231.09005737304688
2029-05-18,10183.56640625,237.50018310546875
2029-05-19,10054.7197265625,213.09999084472656
2029-05-20,9954.849609375,198.7420959472656
2029-05-21,10265.2099609375,230.27212524414065
2029-05-22,10264.8056640625,238.58441162109375
2029-05-23,10174.189453125,237.0408172607422
2029-05-24,10163.0419921875,235.9720001220703
2029-05-25,10183.56640625,243.56710815429688
2029-05-26,10054.7197265625,218.6270446777344
2029-05-27,9959.9267578125,206.4628143310547
2029-05-28,10265.2099609375,239.85842895507812
2029-05-29,10264.8056640625,236.94200134277344
2029-05-30,10174.189453125,236.51426696777344
2029-05-31,10163.0419921875,237.3603057861328
2029-06-01,10169.54296875,252.39654541015625
2029-06-02,10040.6962890625,215.37387084960935
2029-06-03,9945.9033203125,210.5030517578125
2029-06-04,10255.5146484375,244.1038055419922
2029-06-05,10269.130859375,242.47262573242188
2029-06-06,10146.1455078125,250.1832275390625
2029-06-07,10134.998046875,243.45248413085935
2029-06-08,10169.54296875,246.1852264404297
2029-06-09,10040.6962890625,207.43701171875
2029-06-10,9940.826171875,192.4825439453125
2029-06-11,10269.53515625,233.8649749755859
2029-06-12,10269.130859375,236.33529663085935
2029-06-13,10160.166015625,241.062255859375
2029-06-14,10134.998046875,259.124267578125
2029-06-15,10169.54296875,264.3116760253906
2029-06-16,10087.8115234375,241.7359619140625
2029-06-17,9974.6064453125,233.4007568359375
2029-06-18,10255.5146484375,261.152099609375
2029-06-19,10255.1103515625,269.60772705078125
2029-06-20,10097.1494140625,288.8621520996094
2029-06-21,10086.001953125,289.8222961425781
2029-06-22,10072.34375,289.1790771484375
2029-06-23,9990.6123046875,282.206787109375
2029-06-24,9845.3291015625,282.27874755859375
2029-06-25,10180.4638671875,321.3191833496094
2029-06-26,10178.12890625,316.5140686035156
2029-06-27,10069.1640625,318.3994445800781
2029-06-28,10009.8134765625,319.76513671875
2029-06-29,9989.25,316.01190185546875
2029-06-30,9857.6142578125,302.3508605957031
2029-07-01,9769.994140625,296.20050048828125
2029-07-02,10139.283203125,323.1824645996094
2029-07-03,10143.08203125,312.17828369140625
2029-07-04,10014.388671875,312.02532958984375
2029-07-05,9899.9296875,308.0615234375
2029-07-06,9994.91796875,306.13958740234375
2029-07-07,9850.7314453125,296.8670959472656
2029-07-08,9769.994140625,291.2649841308594
2029-07-09,10139.283203125,315.3145751953125
2029-07-10,10143.08203125,312.6369934082031
2029-07-11,10014.388671875,314.95831298828125
2029-07-12,9927.9150390625,307.4794006347656
2029-07-13,9966.9326171875,308.5458984375
2029-07-14,9808.7958984375,291.5938720703125
2029-07-15,9758.015625,289.58123779296875
2029-07-16,10075.3837890625,317.8933410644531
2029-07-17,10080.9248046875,311.82635498046875
2029-07-18,9952.2314453125,309.9814758300781
2029-07-19,9946.4189453125,305.7643737792969
2029-07-20,9980.9638671875,281.7247314453125
2029-07-21,9826.701171875,272.13323974609375
2029-07-22,9767.1552734375,259.012451171875
2029-07-23,10124.44921875,289.6769714355469
2029-07-24,10157.11328125,292.36895751953125
2029-07-25,10028.419921875,290.142822265625
2029-07-26,9913.9609375,288.1102294921875
2029-07-27,9981.015625,287.03021240234375
2029-07-28,9826.7529296875,269.3338928222656
2029-07-29,9759.4345703125,261.4476623535156
2029-07-30,10103.4208984375,291.3746337890625
2029-07-31,10149.392578125,292.6175842285156
2029-08-01,9994.1259765625,290.1572570800781
2029-08-02,9879.6669921875,283.593505859375
2029-08-03,9911.2958984375,281.6636657714844
2029-08-04,9849.6337890625,269.62945556640625
2029-08-05,9759.5205078125,257.87139892578125
2029-08-06,10066.0234375,286.41571044921875
2029-08-07,10063.7919921875,291.1412658691406
2029-08-08,9945.9228515625,289.05474853515625
2029-08-09,9929.12109375,282.8240661621094
2029-08-10,9993.560546875,280.4690856933594
2029-08-11,9795.4462890625,268.6925964355469
2029-08-12,9685.408203125,258.76470947265625
2029-08-13,10035.392578125,287.922607421875
2029-08-14,9978.052734375,293.3148193359375
2029-08-15,9860.18359375,287.6044616699219
2029-08-16,9838.34765625,282.50372314453125
2029-08-17,9929.6611328125,279.8467102050781
2029-08-18,9773.6396484375,271.378173828125
2029-08-19,9681.8037109375,260.37847900390625
2029-08-20,10012.3271484375,293.85211181640625
2029-08-21,9978.052734375,304.59613037109375
2029-08-22,9877.1796875,286.978515625
2029-08-23,9855.34375,286.0723571777344
2029-08-24,9880.6650390625,286.28106689453125
2029-08-25,9773.6396484375,266.8113098144531
2029-08-26,9665.3447265625,248.36062622070312
2029-08-27,9995.8681640625,292.43682861328125
2029-08-28,9978.052734375,304.4870300292969
2029-08-29,9877.1796875,286.869384765625
2029-08-30,9855.34375,285.9632263183594
2029-08-31,9880.6650390625,284.2388610839844
2029-09-01,9773.6396484375,272.672607421875
2029-09-02,9665.3447265625,269.0417785644531
2029-09-03,9995.8681640625,304.8614501953125
2029-09-04,9950.0673828125,310.75628662109375
2029-09-05,9884.9521484375,289.1371154785156
2029-09-06,9860.8994140625,286.0370788574219
2029-09-07,9880.6650390625,284.07354736328125
2029-09-08,9773.6396484375,270.0466613769531
2029-09-09,9665.3447265625,259.9374694824219
2029-09-10,9988.5615234375,293.8864440917969
2029-09-11,9970.74609375,302.8838195800781
2029-09-12,9867.9560546875,287.4114074707031
2029-09-13,9840.7470703125,286.3397216796875
2029-09-14,9841.8232421875,284.0979309082031
2029-09-15,9731.330078125,272.42193603515625
2029-09-16,9543.8837890625,261.2312927246094
2029-09-17,9924.7998046875,293.78753662109375
2029-09-18,9955.68359375,305.0545349121094
2029-09-19,9862.5830078125,286.9470520019531
2029-09-20,9840.7470703125,285.8753662109375
2029-09-21,9858.8193359375,286.1451110839844
2029-09-22,9731.330078125,267.8194274902344
2029-09-23,9543.8837890625,259.595947265625
2029-09-24,9924.7998046875,294.2303466796875
2029-09-25,9927.6982421875,308.242431640625
2029-09-26,9862.5830078125,287.56658935546875
2029-09-27,9840.7470703125,286.40008544921875
2029-09-28,9858.8193359375,286.5301818847656
2029-09-29,9731.330078125,271.7978210449219
2029-09-30,9543.8837890625,262.3405456542969
2029-10-01,9930.6083984375,295.4385070800781
2029-10-02,9955.68359375,302.7417297363281
2029-10-03,9862.5830078125,286.6937255859375
2029-10-04,9840.7470703125,282.12744140625
2029-10-05,9858.8193359375,284.3472900390625
2029-10-06,9731.330078125,268.82550048828125
2029-10-07,9549.6923828125,261.2929382324219
2029-10-08,9930.6083984375,291.7331237792969
2029-10-09,9955.68359375,302.5857849121094
2029-10-10,9862.5830078125,284.4783020019531
2029-10-11,9840.7470703125,283.3308410644531
2029-10-12,9907.8154296875,280.84674072265625
2029-10-13,9729.11328125,269.3760681152344
2029-10-14,9549.6923828125,258.3011169433594
2029-10-15,9930.6083984375,292.5569763183594
2029-10-16,9955.68359375,302.9202880859375
2029-10-17,9862.5830078125,285.16180419921875
2029-10-18,9840.7470703125,284.7013854980469
2029-10-19,9841.8232421875,284.6549377441406
2029-10-20,9731.330078125,266.7312316894531
2029-10-21,9549.6923828125,246.3043212890625
2029-10-22,9930.6083984375,290.6701965332031
2029-10-23,9955.68359375,301.8609619140625
2029-10-24,9862.5830078125,283.7118225097656
2029-10-25,9889.7431640625,277.89501953125
2029-10-26,9905.5986328125,279.7738037109375
2029-10-27,9729.11328125,261.9298095703125
2029-10-28,9549.6923828125,244.64651489257812
2029-10-29,9930.6083984375,282.3908996582031
2029-10-30,9955.68359375,295.0980529785156
2029-10-31,9862.5830078125,282.72802734375
2029-11-01,9872.7470703125,280.83770751953125
2029-11-02,9841.8232421875,282.23602294921875
2029-11-03,9731.330078125,260.6507568359375
2029-11-04,9549.6923828125,248.7175445556641
2029-11-05,9930.6083984375,287.1911315917969
2029-11-06,9955.68359375,297.5939025878906
2029-11-07,9862.5830078125,285.81561279296875
2029-11-08,9889.7431640625,281.09271240234375
2029-11-09,9856.6025390625,281.12762451171875
2029-11-10,9731.330078125,264.20733642578125
2029-11-11,9549.6923828125,248.14796447753903
2029-11-12,9930.6083984375,288.7511901855469
2029-11-13,9955.68359375,298.8541259765625
2029-11-14,9862.5830078125,285.963134765625
2029-11-15,9823.7509765625,281.3333740234375
2029-11-16,9858.8193359375,281.15594482421875
2029-11-17,9731.330078125,262.5418395996094
2029-11-18,9549.6923828125,248.50796508789065
2029-11-19,9930.6083984375,290.64788818359375
2029-11-20,9955.68359375,301.4703063964844
2029-11-21,9862.5830078125,286.9089050292969
2029-11-22,9840.7470703125,285.94232177734375
2029-11-23,9858.8193359375,284.44036865234375
2029-11-24,9731.330078125,264.74737548828125
2029-11-25,9559.7041015625,255.6366424560547
2029-11-26,9940.6201171875,290.13775634765625
2029-11-27,9965.6953125,307.0988464355469
2029-11-28,9872.5947265625,287.9331359863281
2029-11-29,9850.7587890625,285.27484130859375
2029-11-30,9868.8310546875,284.38189697265625
2029-12-01,9741.341796875,265.75018310546875
2029-12-02,9559.7041015625,250.1828460693359
2029-12-03,9940.6201171875,294.6912536621094
2029-12-04,9965.6953125,300.5628662109375
2029-12-05,9872.5947265625,287.1812438964844
2029-12-06,9850.7587890625,281.7403869628906
2029-12-07,9917.8271484375,277.4184265136719
2029-12-08,9753.9931640625,261.37799072265625
2029-12-09,9612.91015625,259.2876892089844
2029-12-10,9989.3193359375,293.35150146484375
2029-12-11,9965.6953125,306.45831298828125
2029-12-12,9841.205078125,288.4844055175781
2029-12-13,9850.7587890625,286.0585021972656
2029-12-14,9851.8349609375,287.8559265136719
2029-12-15,9712.373046875,264.2644348144531
2029-12-16,9492.2421875,247.1242828369141
2029-12-17,9895.1923828125,282.96429443359375
2029-12-18,9907.740234375,300.07952880859375
2029-12-19,9759.5849609375,291.5384826660156
2029-12-20,9619.6982421875,285.76422119140625
2029-12-21,9670.2314453125,267.7176513671875
2029-12-22,9540.5888671875,230.51158142089844
2029-12-23,9380.7509765625,233.8210296630859
2029-12-24,9834.0126953125,259.1946105957031
2029-12-25,9867.818359375,245.5934906005859
2029-12-26,9755.6572265625,252.47579956054688
2029-12-27,9682.71484375,235.34930419921875
2029-12-28,9637.6162109375,221.958740234375
2029-12-29,9474.193359375,204.49606323242188
2029-12-30,9432.7587890625,197.5772705078125
2029-12-31,9873.361328125,214.3118133544922
